date,congress,member_name,committees,cr_citation,uri,granule_id,package_id
1994-05-19,103,Lynn C. Woolsey,"Science, Space, And Technology","Cong. Rec. Vol. 140, No. 63, p. H",https://www.govinfo.gov/content/pkg/CREC-1994-05-19/html/CREC-1994-05-19-pt1-PgH44.htm,CREC-1994-05-19-pt1-PgH44,CREC-1994-05-19
1995-02-16,104,Steve Stockman,Veterans' Affairs,"Cong. Rec. Vol. 141, No. 31, p. H1891-H1892",https://www.govinfo.gov/content/pkg/CREC-1995-02-16/html/CREC-1995-02-16-pt1-PgH1891-2.htm,CREC-1995-02-16-pt1-PgH1891-2,CREC-1995-02-16
1995-06-13,104,Karen McCarthy,Small Business,"Cong. Rec. Vol. 141, No. 96, p. H5776",https://www.govinfo.gov/content/pkg/CREC-1995-06-13/html/CREC-1995-06-13-pt1-PgH5776-5.htm,CREC-1995-06-13-pt1-PgH5776-5,CREC-1995-06-13
1996-01-25,104,Michael R. McNulty,International Relations,"Cong. Rec. Vol. 142, No. 10, p. H901",https://www.govinfo.gov/content/pkg/CREC-1996-01-25/html/CREC-1996-01-25-pt1-PgH901-4.htm,CREC-1996-01-25-pt1-PgH901-4,CREC-1996-01-25
1996-02-01,104,Pete Hoekstra,Budget,"Cong. Rec. Vol. 142, No. 14, p. H1200",https://www.govinfo.gov/content/pkg/CREC-1996-02-01/html/CREC-1996-02-01-pt1-PgH1200-4.htm,CREC-1996-02-01-pt1-PgH1200-4,CREC-1996-02-01
1996-02-28,104,Cynthia McKinney,Agriculture,"Cong. Rec. Vol. 142, No. 25, p. H1414-H1415",https://www.govinfo.gov/content/pkg/CREC-1996-02-28/html/CREC-1996-02-28-pt1-PgH1414-2.htm,CREC-1996-02-28-pt1-PgH1414-2,CREC-1996-02-28
1996-02-28,104,Gene Taylor,Government Reform And Oversight,"Cong. Rec. Vol. 142, No. 25, p. H1414",https://www.govinfo.gov/content/pkg/CREC-1996-02-28/html/CREC-1996-02-28-pt1-PgH1414.htm,CREC-1996-02-28-pt1-PgH1414,CREC-1996-02-28
1996-03-05,104,Chaka Fattah,Small Business,"Cong. Rec. Vol. 142, No. 28, p. H1699",https://www.govinfo.gov/content/pkg/CREC-1996-03-05/html/CREC-1996-03-05-pt1-PgH1699-4.htm,CREC-1996-03-05-pt1-PgH1699-4,CREC-1996-03-05
1996-03-07,104,David R. Obey,Joint Economic Committee,"Cong. Rec. Vol. 142, No. 30, p. H1981-H1982",https://www.govinfo.gov/content/pkg/CREC-1996-03-07/html/CREC-1996-03-07-pt1-PgH1981.htm,CREC-1996-03-07-pt1-PgH1981,CREC-1996-03-07
1996-03-14,104,Jose E. Serrano,Judiciary,"Cong. Rec. Vol. 142, No. 35, p. H2305",https://www.govinfo.gov/content/pkg/CREC-1996-03-14/html/CREC-1996-03-14-pt1-PgH2305-2.htm,CREC-1996-03-14-pt1-PgH2305-2,CREC-1996-03-14
1996-04-22,104,Eliot L. Engel,Economic And Educational Opportunities; International Relations,"Cong. Rec. Vol. 142, No. 52, p. H3655-H3656",https://www.govinfo.gov/content/pkg/CREC-1996-04-22/html/CREC-1996-04-22-pt1-PgH3655-9.htm,CREC-1996-04-22-pt1-PgH3655-9,CREC-1996-04-22
1996-04-22,104,Bennie G. Thompson,Small Business,"Cong. Rec. Vol. 142, No. 52, p. H3656",https://www.govinfo.gov/content/pkg/CREC-1996-04-22/html/CREC-1996-04-22-pt1-PgH3656.htm,CREC-1996-04-22-pt1-PgH3656,CREC-1996-04-22
1996-04-25,104,Maxine Waters,Veterans' Affairs,"Cong. Rec. Vol. 142, No. 55, p. H3824",https://www.govinfo.gov/content/pkg/CREC-1996-04-25/html/CREC-1996-04-25-pt1-PgH3824.htm,CREC-1996-04-25-pt1-PgH3824,CREC-1996-04-25
1996-05-01,104,Harry Johnston,Budget,"Cong. Rec. Vol. 142, No. 58, p. H4367",https://www.govinfo.gov/content/pkg/CREC-1996-05-01/html/CREC-1996-05-01-pt1-PgH4367-5.htm,CREC-1996-05-01-pt1-PgH4367-5,CREC-1996-05-01
1996-06-05,104,Earl F. Hilliard,Small Business,"Cong. Rec. Vol. 142, No. 81, p. H5921",https://www.govinfo.gov/content/pkg/CREC-1996-06-05/html/CREC-1996-06-05-pt1-PgH5921-3.htm,CREC-1996-06-05-pt1-PgH5921-3,CREC-1996-06-05
1996-06-25,104,Jon D. Fox,Government Reform And Oversight,"Cong. Rec. Vol. 142, No. 95, p. H6845",https://www.govinfo.gov/content/pkg/CREC-1996-06-25/html/CREC-1996-06-25-pt2-PgH6845.htm,CREC-1996-06-25-pt2-PgH6845,CREC-1996-06-25
1996-09-05,104,David Funderburk,Small Business,"Cong. Rec. Vol. 142, No. 120, p. H10048",https://www.govinfo.gov/content/pkg/CREC-1996-09-05/html/CREC-1996-09-05-pt1-PgH10048-2.htm,CREC-1996-09-05-pt1-PgH10048-2,CREC-1996-09-05
1996-10-04,104,Ronald D. Coleman,Intelligence,"Cong. Rec. Vol. 142, No. 142, p. H12274",https://www.govinfo.gov/content/pkg/CREC-1996-10-04/html/CREC-1996-10-04-pt1-PgH12274-4.htm,CREC-1996-10-04-pt1-PgH12274-4,CREC-1996-10-04
1997-01-21,105,Bob Barr,Veterans' Affairs,"Cong. Rec. Vol. 143, No. 4, p. H235",https://www.govinfo.gov/content/pkg/CREC-1997-01-21/html/CREC-1997-01-21-pt1-PgH235-3.htm,CREC-1997-01-21-pt1-PgH235-3,CREC-1997-01-21
1997-02-05,105,Kevin Brady,Government Reform And Oversight,"Cong. Rec. Vol. 143, No. 13, p. H290",https://www.govinfo.gov/content/pkg/CREC-1997-02-05/html/CREC-1997-02-05-pt1-PgH290.htm,CREC-1997-02-05-pt1-PgH290,CREC-1997-02-05
1997-02-05,105,Sam Gejdenson,Resources,"Cong. Rec. Vol. 143, No. 13, p. H298",https://www.govinfo.gov/content/pkg/CREC-1997-02-05/html/CREC-1997-02-05-pt1-PgH298-4.htm,CREC-1997-02-05-pt1-PgH298-4,CREC-1997-02-05
1997-02-05,105,Collin C. Peterson,Government Reform And Oversight,"Cong. Rec. Vol. 143, No. 13, p. H298",https://www.govinfo.gov/content/pkg/CREC-1997-02-05/html/CREC-1997-02-05-pt1-PgH298-5.htm,CREC-1997-02-05-pt1-PgH298-5,CREC-1997-02-05
1997-02-06,105,Louise M. Slaughter,Budget,"Cong. Rec. Vol. 143, No. 14, p. H351",https://www.govinfo.gov/content/pkg/CREC-1997-02-06/html/CREC-1997-02-06-pt1-PgH351-8.htm,CREC-1997-02-06-pt1-PgH351-8,CREC-1997-02-06
1997-02-10,105,Duncan Hunter,Veterans' Affairs,"Cong. Rec. Vol. 143, No. 16, p. H395",https://www.govinfo.gov/content/pkg/CREC-1997-02-10/html/CREC-1997-02-10-pt1-PgH395-8.htm,CREC-1997-02-10-pt1-PgH395-8,CREC-1997-02-10
1997-02-25,105,Frank A. LoBiondo,Banking And Financial Services,"Cong. Rec. Vol. 143, No. 21, p. H596",https://www.govinfo.gov/content/pkg/CREC-1997-02-25/html/CREC-1997-02-25-pt1-PgH596-6.htm,CREC-1997-02-25-pt1-PgH596-6,CREC-1997-02-25
1997-02-27,105,"J.C. Watts, Jr.",Banking And Financial Services,"Cong. Rec. Vol. 143, No. 23, p. H675",https://www.govinfo.gov/content/pkg/CREC-1997-02-27/html/CREC-1997-02-27-pt1-PgH675-4.htm,CREC-1997-02-27-pt1-PgH675-4,CREC-1997-02-27
1997-03-06,105,Earl Blumenauer,Education And The Workforce,"Cong. Rec. Vol. 143, No. 28, p. H774",https://www.govinfo.gov/content/pkg/CREC-1997-03-06/html/CREC-1997-03-06-pt1-PgH774-4.htm,CREC-1997-03-06-pt1-PgH774-4,CREC-1997-03-06
1997-03-06,105,Dennis J. Kucinich,International Relations,"Cong. Rec. Vol. 143, No. 28, p. H778",https://www.govinfo.gov/content/pkg/CREC-1997-03-06/html/CREC-1997-03-06-pt1-PgH778-5.htm,CREC-1997-03-06-pt1-PgH778-5,CREC-1997-03-06
1997-03-06,105,"Sanford D. Bishop, Jr.",Intelligence,"Cong. Rec. Vol. 143, No. 28, p. H795",https://www.govinfo.gov/content/pkg/CREC-1997-03-06/html/CREC-1997-03-06-pt1-PgH795.htm,CREC-1997-03-06-pt1-PgH795,CREC-1997-03-06
1997-03-11,105,Ike Skelton,Small Business,"Cong. Rec. Vol. 143, No. 30, p. H818",https://www.govinfo.gov/content/pkg/CREC-1997-03-11/html/CREC-1997-03-11-pt1-PgH818-7.htm,CREC-1997-03-11-pt1-PgH818-7,CREC-1997-03-11
1997-03-19,105,"Robert L. Ehrlich, Jr.",Government Reform And Oversight,"Cong. Rec. Vol. 143, No. 36, p. H1115",https://www.govinfo.gov/content/pkg/CREC-1997-03-19/html/CREC-1997-03-19-pt1-PgH1115-2.htm,CREC-1997-03-19-pt1-PgH1115-2,CREC-1997-03-19
1997-04-15,105,Walter B. Jones,Small Business,"Cong. Rec. Vol. 143, No. 44, p. H1506",https://www.govinfo.gov/content/pkg/CREC-1997-04-15/html/CREC-1997-04-15-pt1-PgH1506.htm,CREC-1997-04-15-pt1-PgH1506,CREC-1997-04-15
1997-04-17,105,Nick Lampson,Resources,"Cong. Rec. Vol. 143, No. 46, p. H1684",https://www.govinfo.gov/content/pkg/CREC-1997-04-17/html/CREC-1997-04-17-pt1-PgH1684-2.htm,CREC-1997-04-17-pt1-PgH1684-2,CREC-1997-04-17
1997-04-17,105,Lloyd Doggett,Science,"Cong. Rec. Vol. 143, No. 46, p. H1684",https://www.govinfo.gov/content/pkg/CREC-1997-04-17/html/CREC-1997-04-17-pt1-PgH1684-3.htm,CREC-1997-04-17-pt1-PgH1684-3,CREC-1997-04-17
1997-04-17,105,Tim Holden,Government Reform And Oversight,"Cong. Rec. Vol. 143, No. 46, p. H1684",https://www.govinfo.gov/content/pkg/CREC-1997-04-17/html/CREC-1997-04-17-pt1-PgH1684.htm,CREC-1997-04-17-pt1-PgH1684,CREC-1997-04-17
1997-05-22,105,Donald A. Manzullo,Joint Economic Committee,"Cong. Rec. Vol. 143, No. 69, p. H3196-H3197",https://www.govinfo.gov/content/pkg/CREC-1997-05-22/html/CREC-1997-05-22-pt1-PgH3196-11.htm,CREC-1997-05-22-pt1-PgH3196-11,CREC-1997-05-22
1997-07-31,105,Cynthia McKinney,Banking And Financial Services,"Cong. Rec. Vol. 143, No. 111, p. H6678",https://www.govinfo.gov/content/pkg/CREC-1997-07-31/html/CREC-1997-07-31-pt1-PgH6678-2.htm,CREC-1997-07-31-pt1-PgH6678-2,CREC-1997-07-31
1997-07-31,105,Bob Weygand,Small Business,"Cong. Rec. Vol. 143, No. 111, p. H6678",https://www.govinfo.gov/content/pkg/CREC-1997-07-31/html/CREC-1997-07-31-pt1-PgH6678.htm,CREC-1997-07-31-pt1-PgH6678,CREC-1997-07-31
1997-08-01,105,Jerry Moran,International Relations,"Cong. Rec. Vol. 143, No. 112, p. H6709",https://www.govinfo.gov/content/pkg/CREC-1997-08-01/html/CREC-1997-08-01-pt1-PgH6709-5.htm,CREC-1997-08-01-pt1-PgH6709-5,CREC-1997-08-01
1997-09-05,105,Brad Sherman,Budget,"Cong. Rec. Vol. 143, No. 116, p. H6949",https://www.govinfo.gov/content/pkg/CREC-1997-09-05/html/CREC-1997-09-05-pt1-PgH6949-2.htm,CREC-1997-09-05-pt1-PgH6949-2,CREC-1997-09-05
1997-11-13,105,Bud Cramer,Transportation And Infrastructure; Science,"Cong. Rec. Vol. 143, No. 160, p. H10793-H10794",https://www.govinfo.gov/content/pkg/CREC-1997-11-13/html/CREC-1997-11-13-pt1-PgH10793-2.htm,CREC-1997-11-13-pt1-PgH10793-2,CREC-1997-11-13
1997-11-13,105,Rob Portman,Government Reform And Oversight,"Cong. Rec. Vol. 143, No. 160, p. H10918",https://www.govinfo.gov/content/pkg/CREC-1997-11-13/html/CREC-1997-11-13-pt2-PgH10918-4.htm,CREC-1997-11-13-pt2-PgH10918-4,CREC-1997-11-13
1998-03-27,105,John E. Baldacci,Small Business,"Cong. Rec. Vol. 144, No. 37, p. H1682",https://www.govinfo.gov/content/pkg/CREC-1998-03-27/html/CREC-1998-03-27-pt1-PgH1682.htm,CREC-1998-03-27-pt1-PgH1682,CREC-1998-03-27
1998-03-30,105,Marion Berry,Small Business,"Cong. Rec. Vol. 144, No. 38, p. H1767",https://www.govinfo.gov/content/pkg/CREC-1998-03-30/html/CREC-1998-03-30-pt1-PgH1767-3.htm,CREC-1998-03-30-pt1-PgH1767-3,CREC-1998-03-30
1998-04-29,105,Esteban E. Torres,Banking And Financial Services,"Cong. Rec. Vol. 144, No. 50, p. H2510",https://www.govinfo.gov/content/pkg/CREC-1998-04-29/html/CREC-1998-04-29-pt1-PgH2510-4.htm,CREC-1998-04-29-pt1-PgH2510-4,CREC-1998-04-29
1998-05-05,105,Paul McHale,Science,"Cong. Rec. Vol. 144, No. 54, p. H2753",https://www.govinfo.gov/content/pkg/CREC-1998-05-05/html/CREC-1998-05-05-pt1-PgH2753-3.htm,CREC-1998-05-05-pt1-PgH2753-3,CREC-1998-05-05
1998-05-07,105,Joe Scarborough,Education And Workforce,"Cong. Rec. Vol. 144, No. 56, p. H2938",https://www.govinfo.gov/content/pkg/CREC-1998-05-07/html/CREC-1998-05-07-pt1-PgH2938-2.htm,CREC-1998-05-07-pt1-PgH2938-2,CREC-1998-05-07
1998-06-24,105,Ellen O. Tauscher,Science,"Cong. Rec. Vol. 144, No. 84, p. H5252",https://www.govinfo.gov/content/pkg/CREC-1998-06-24/html/CREC-1998-06-24-pt1-PgH5252-4.htm,CREC-1998-06-24-pt1-PgH5252-4,CREC-1998-06-24
1998-06-24,105,Virgil H. Goode,Small Business,"Cong. Rec. Vol. 144, No. 84, p. H5252",https://www.govinfo.gov/content/pkg/CREC-1998-06-24/html/CREC-1998-06-24-pt1-PgH5252-5.htm,CREC-1998-06-24-pt1-PgH5252-5,CREC-1998-06-24
1998-08-03,105,Scott Klug,Commerce,"Cong. Rec. Vol. 144, No. 107, p. H6948",https://www.govinfo.gov/content/pkg/CREC-1998-08-03/html/CREC-1998-08-03-pt1-PgH6948.htm,CREC-1998-08-03-pt1-PgH6948,CREC-1998-08-03
1999-01-19,106,Christopher Cox,Government Reform,"Cong. Rec. Vol. 145, No. 8, p. H249",https://www.govinfo.gov/content/pkg/CREC-1999-01-19/html/CREC-1999-01-19-pt1-PgH249-3.htm,CREC-1999-01-19-pt1-PgH249-3,CREC-1999-01-19
1999-01-19,106,Dan Miller,Budget,"Cong. Rec. Vol. 145, No. 8, p. H257",https://www.govinfo.gov/content/pkg/CREC-1999-01-19/html/CREC-1999-01-19-pt1-PgH257-5.htm,CREC-1999-01-19-pt1-PgH257-5,CREC-1999-01-19
1999-02-03,106,Barbara Lee,Science,"Cong. Rec. Vol. 145, No. 19, p. H399",https://www.govinfo.gov/content/pkg/CREC-1999-02-03/html/CREC-1999-02-03-pt1-PgH399-4.htm,CREC-1999-02-03-pt1-PgH399-4,CREC-1999-02-03
1999-02-23,106,Norman Sisisky,Small Business,"Cong. Rec. Vol. 145, No. 28, p. H663",https://www.govinfo.gov/content/pkg/CREC-1999-02-23/html/CREC-1999-02-23-pt1-PgH663-8.htm,CREC-1999-02-23-pt1-PgH663-8,CREC-1999-02-23
1999-02-24,106,William D. Delahunt,Resources,"Cong. Rec. Vol. 145, No. 29, p. H771-H772",https://www.govinfo.gov/content/pkg/CREC-1999-02-24/html/CREC-1999-02-24-pt1-PgH771-2.htm,CREC-1999-02-24-pt1-PgH771-2,CREC-1999-02-24
1999-02-24,106,"James A. Traficant, Jr.",Science,"Cong. Rec. Vol. 145, No. 29, p. H771",https://www.govinfo.gov/content/pkg/CREC-1999-02-24/html/CREC-1999-02-24-pt1-PgH771.htm,CREC-1999-02-24-pt1-PgH771,CREC-1999-02-24
1999-03-02,106,Tim Roemer,Science,"Cong. Rec. Vol. 145, No. 32, p. H838",https://www.govinfo.gov/content/pkg/CREC-1999-03-02/html/CREC-1999-03-02-pt1-PgH838-2.htm,CREC-1999-03-02-pt1-PgH838-2,CREC-1999-03-02
1999-03-04,106,Gary A. Condit,Government Reform,"Cong. Rec. Vol. 145, No. 34, p. H1009",https://www.govinfo.gov/content/pkg/CREC-1999-03-04/html/CREC-1999-03-04-pt1-PgH1009-2.htm,CREC-1999-03-04-pt1-PgH1009-2,CREC-1999-03-04
1999-03-04,106,Steve Buyer,Judiciary,"Cong. Rec. Vol. 145, No. 34, p. H986-H987",https://www.govinfo.gov/content/pkg/CREC-1999-03-04/html/CREC-1999-03-04-pt1-PgH986-5.htm,CREC-1999-03-04-pt1-PgH986-5,CREC-1999-03-04
1999-03-11,106,Spencer Bachus,Veterans' Affairs,"Cong. Rec. Vol. 145, No. 39, p. H1175",https://www.govinfo.gov/content/pkg/CREC-1999-03-11/html/CREC-1999-03-11-pt1-PgH1175-5.htm,CREC-1999-03-11-pt1-PgH1175-5,CREC-1999-03-11
1999-04-12,106,Janice D. Schakowsky,Small Business,"Cong. Rec. Vol. 145, No. 49, p. H1808",https://www.govinfo.gov/content/pkg/CREC-1999-04-12/html/CREC-1999-04-12-pt1-PgH1808.htm,CREC-1999-04-12-pt1-PgH1808,CREC-1999-04-12
1999-06-25,106,Ed Bryant,Judiciary,"Cong. Rec. Vol. 145, No. 92, p. H4988",https://www.govinfo.gov/content/pkg/CREC-1999-06-25/html/CREC-1999-06-25-pt1-PgH4988-4.htm,CREC-1999-06-25-pt1-PgH4988-4,CREC-1999-06-25
1999-06-25,106,"J.C. Watts, Jr.",Transportation And Infrastructure,"Cong. Rec. Vol. 145, No. 92, p. H4988",https://www.govinfo.gov/content/pkg/CREC-1999-06-25/html/CREC-1999-06-25-pt1-PgH4988-5.htm,CREC-1999-06-25-pt1-PgH4988-5,CREC-1999-06-25
1999-06-25,106,John T. Doolittle,Government Reform And Oversight,"Cong. Rec. Vol. 145, No. 92, p. H4988",https://www.govinfo.gov/content/pkg/CREC-1999-06-25/html/CREC-1999-06-25-pt1-PgH4988-6.htm,CREC-1999-06-25-pt1-PgH4988-6,CREC-1999-06-25
1999-08-05,106,James E. Clyburn,Appropriations,"Cong. Rec. Vol. 145, No. 114, p. H7432",https://www.govinfo.gov/content/pkg/CREC-1999-08-05/html/CREC-1999-08-05-pt2-PgH7432-4.htm,CREC-1999-08-05-pt2-PgH7432-4,CREC-1999-08-05
1999-08-05,106,Gary L. Ackerman,Banking And Financial Services,"Cong. Rec. Vol. 145, No. 114, p. H7432",https://www.govinfo.gov/content/pkg/CREC-1999-08-05/html/CREC-1999-08-05-pt2-PgH7432-5.htm,CREC-1999-08-05-pt2-PgH7432-5,CREC-1999-08-05
1999-11-02,106,Barbara Lee,Banking And Financial Services,"Cong. Rec. Vol. 145, No. 152, p. H11341",https://www.govinfo.gov/content/pkg/CREC-1999-11-02/html/CREC-1999-11-02-pt1-PgH11341-3.htm,CREC-1999-11-02-pt1-PgH11341-3,CREC-1999-11-02
1999-11-18,106,,,"Cong. Rec. Vol. 145, No. 164, p. H12835",https://www.govinfo.gov/content/pkg/CREC-1999-11-18/html/CREC-1999-11-18-pt2-PgH12835-7.htm,CREC-1999-11-18-pt2-PgH12835-7,CREC-1999-11-18
2000-02-01,106,Roy Blunt,Appropriations,"Cong. Rec. Vol. 146, No. 6, p. H128",https://www.govinfo.gov/content/pkg/CREC-2000-02-01/html/CREC-2000-02-01-pt1-PgH128-4.htm,CREC-2000-02-01-pt1-PgH128-4,CREC-2000-02-01
2000-07-27,106,Thomas W. Ewing,House Administration,"Cong. Rec. Vol. 146, No. 100, p. H7176",https://www.govinfo.gov/content/pkg/CREC-2000-07-27/html/CREC-2000-07-27-pt2-PgH7176-6.htm,CREC-2000-07-27-pt2-PgH7176-6,CREC-2000-07-27
2001-01-30,107,Asa Hutchinson,Government Reform,"Cong. Rec. Vol. 147, No. 12, p. H77-H78",https://www.govinfo.gov/content/pkg/CREC-2001-01-30/html/CREC-2001-01-30-pt1-PgH77-8.htm,CREC-2001-01-30-pt1-PgH77-8,CREC-2001-01-30
2001-02-08,107,Mike Doyle,Science; Veterans' Affairs,"Cong. Rec. Vol. 147, No. 18, p. H228",https://www.govinfo.gov/content/pkg/CREC-2001-02-08/html/CREC-2001-02-08-pt1-PgH228-10.htm,CREC-2001-02-08-pt1-PgH228-10,CREC-2001-02-08
2001-02-08,107,Steven R. Rothman,International Relations; Judiciary,"Cong. Rec. Vol. 147, No. 18, p. H228-H229",https://www.govinfo.gov/content/pkg/CREC-2001-02-08/html/CREC-2001-02-08-pt1-PgH228-11.htm,CREC-2001-02-08-pt1-PgH228-11,CREC-2001-02-08
2001-02-08,107,Charles F. Bass,Intelligence,"Cong. Rec. Vol. 147, No. 18, p. H228",https://www.govinfo.gov/content/pkg/CREC-2001-02-08/html/CREC-2001-02-08-pt1-PgH228-3.htm,CREC-2001-02-08-pt1-PgH228-3,CREC-2001-02-08
2001-02-08,107,Charles F. Bass,Transportation And Infrastructure,"Cong. Rec. Vol. 147, No. 18, p. H228",https://www.govinfo.gov/content/pkg/CREC-2001-02-08/html/CREC-2001-02-08-pt1-PgH228-4.htm,CREC-2001-02-08-pt1-PgH228-4,CREC-2001-02-08
2001-02-08,107,Robin Hayes,Resources,"Cong. Rec. Vol. 147, No. 18, p. H228",https://www.govinfo.gov/content/pkg/CREC-2001-02-08/html/CREC-2001-02-08-pt1-PgH228-5.htm,CREC-2001-02-08-pt1-PgH228-5,CREC-2001-02-08
2001-02-08,107,"F. James Sensenbrenner, Jr.",Science,"Cong. Rec. Vol. 147, No. 18, p. H228",https://www.govinfo.gov/content/pkg/CREC-2001-02-08/html/CREC-2001-02-08-pt1-PgH228-6.htm,CREC-2001-02-08-pt1-PgH228-6,CREC-2001-02-08
2001-02-08,107,Jeff Flake,Government Reform,"Cong. Rec. Vol. 147, No. 18, p. H228",https://www.govinfo.gov/content/pkg/CREC-2001-02-08/html/CREC-2001-02-08-pt1-PgH228-7.htm,CREC-2001-02-08-pt1-PgH228-7,CREC-2001-02-08
2001-02-08,107,Robert W. Ney,Transportation And Infrastructure,"Cong. Rec. Vol. 147, No. 18, p. H228",https://www.govinfo.gov/content/pkg/CREC-2001-02-08/html/CREC-2001-02-08-pt1-PgH228-8.htm,CREC-2001-02-08-pt1-PgH228-8,CREC-2001-02-08
2001-02-08,107,Chris John,Agriculture; Resources,"Cong. Rec. Vol. 147, No. 18, p. H228",https://www.govinfo.gov/content/pkg/CREC-2001-02-08/html/CREC-2001-02-08-pt1-PgH228-9.htm,CREC-2001-02-08-pt1-PgH228-9,CREC-2001-02-08
2001-02-08,107,Michael E. Capuano,Science,"Cong. Rec. Vol. 147, No. 18, p. H229",https://www.govinfo.gov/content/pkg/CREC-2001-02-08/html/CREC-2001-02-08-pt1-PgH229-2.htm,CREC-2001-02-08-pt1-PgH229-2,CREC-2001-02-08
2001-02-08,107,Shelley Berkley,Small Business,"Cong. Rec. Vol. 147, No. 18, p. H229",https://www.govinfo.gov/content/pkg/CREC-2001-02-08/html/CREC-2001-02-08-pt1-PgH229-3.htm,CREC-2001-02-08-pt1-PgH229-3,CREC-2001-02-08
2001-02-08,107,"Harold E. Ford, Jr.",Government Reform,"Cong. Rec. Vol. 147, No. 18, p. H229",https://www.govinfo.gov/content/pkg/CREC-2001-02-08/html/CREC-2001-02-08-pt1-PgH229-4.htm,CREC-2001-02-08-pt1-PgH229-4,CREC-2001-02-08
2001-02-08,107,Chaka Fattah,Education And The Workforce; Government Reform,"Cong. Rec. Vol. 147, No. 18, p. H229",https://www.govinfo.gov/content/pkg/CREC-2001-02-08/html/CREC-2001-02-08-pt1-PgH229.htm,CREC-2001-02-08-pt1-PgH229,CREC-2001-02-08
2001-02-08,107,Kevin Brady,Resources,"Cong. Rec. Vol. 147, No. 18, p. H232",https://www.govinfo.gov/content/pkg/CREC-2001-02-08/html/CREC-2001-02-08-pt1-PgH232.htm,CREC-2001-02-08-pt1-PgH232,CREC-2001-02-08
2001-02-28,107,Dennis Moore,Small Business,"Cong. Rec. Vol. 147, No. 25, p. H463",https://www.govinfo.gov/content/pkg/CREC-2001-02-28/html/CREC-2001-02-28-pt1-PgH463-2.htm,CREC-2001-02-28-pt1-PgH463-2,CREC-2001-02-28
2001-02-28,107,Ruben Hinojosa,Small Business,"Cong. Rec. Vol. 147, No. 25, p. H463",https://www.govinfo.gov/content/pkg/CREC-2001-02-28/html/CREC-2001-02-28-pt1-PgH463-3.htm,CREC-2001-02-28-pt1-PgH463-3,CREC-2001-02-28
2001-02-28,107,Carolyn McCarthy,Budget,"Cong. Rec. Vol. 147, No. 25, p. H463",https://www.govinfo.gov/content/pkg/CREC-2001-02-28/html/CREC-2001-02-28-pt1-PgH463.htm,CREC-2001-02-28-pt1-PgH463,CREC-2001-02-28
2001-03-07,107,Joe Knollenburg,Budget,"Cong. Rec. Vol. 147, No. 29, p. H708",https://www.govinfo.gov/content/pkg/CREC-2001-03-07/html/CREC-2001-03-07-pt1-PgH708-2.htm,CREC-2001-03-07-pt1-PgH708-2,CREC-2001-03-07
2001-03-07,107,Zach Wamp,Budget,"Cong. Rec. Vol. 147, No. 29, p. H708",https://www.govinfo.gov/content/pkg/CREC-2001-03-07/html/CREC-2001-03-07-pt1-PgH708-3.htm,CREC-2001-03-07-pt1-PgH708-3,CREC-2001-03-07
2001-03-07,107,Don Sherwood,Resources; Armed Services; Transportation And Infrastructure,"Cong. Rec. Vol. 147, No. 29, p. H708",https://www.govinfo.gov/content/pkg/CREC-2001-03-07/html/CREC-2001-03-07-pt1-PgH708.htm,CREC-2001-03-07-pt1-PgH708,CREC-2001-03-07
2001-04-26,107,Collin C. Peterson,Veterans' Affairs,"Cong. Rec. Vol. 147, No. 54, p. H1610",https://www.govinfo.gov/content/pkg/CREC-2001-04-26/html/CREC-2001-04-26-pt1-PgH1610-5.htm,CREC-2001-04-26-pt1-PgH1610-5,CREC-2001-04-26
2001-06-07,107,John Culberson,Science,"Cong. Rec. Vol. 147, No. 78, p. H2980",https://www.govinfo.gov/content/pkg/CREC-2001-06-07/html/CREC-2001-06-07-pt1-PgH2980.htm,CREC-2001-06-07-pt1-PgH2980,CREC-2001-06-07
2001-06-19,107,James P. McGovern,Rules,"Cong. Rec. Vol. 147, No. 85, p. H3229",https://www.govinfo.gov/content/pkg/CREC-2001-06-19/html/CREC-2001-06-19-pt1-PgH3229-6.htm,CREC-2001-06-19-pt1-PgH3229-6,CREC-2001-06-19
2001-06-19,107,Alcee L. Hastings,International Relations,"Cong. Rec. Vol. 147, No. 85, p. H3229",https://www.govinfo.gov/content/pkg/CREC-2001-06-19/html/CREC-2001-06-19-pt1-PgH3229-7.htm,CREC-2001-06-19-pt1-PgH3229-7,CREC-2001-06-19
2001-06-20,107,J. D. Hayworth,Veterans' Affairs,"Cong. Rec. Vol. 147, No. 86, p. H3348",https://www.govinfo.gov/content/pkg/CREC-2001-06-20/html/CREC-2001-06-20-pt1-PgH3348-2.htm,CREC-2001-06-20-pt1-PgH3348-2,CREC-2001-06-20
2001-07-11,107,Rob Portman,Standards Of Official Conduct,"Cong. Rec. Vol. 147, No. 96, p. H3927",https://www.govinfo.gov/content/pkg/CREC-2001-07-11/html/CREC-2001-07-11-pt1-PgH3927.htm,CREC-2001-07-11-pt1-PgH3927,CREC-2001-07-11
2001-08-01,107,Martin Olav Sabo,Standards Of Official Conduct,"Cong. Rec. Vol. 147, No. 110, p. H5176",https://www.govinfo.gov/content/pkg/CREC-2001-08-01/html/CREC-2001-08-01-pt2-PgH5176.htm,CREC-2001-08-01-pt2-PgH5176,CREC-2001-08-01
2002-02-26,107,Richard Burr,International Relations,"Cong. Rec. Vol. 148, No. 17, p. H535",https://www.govinfo.gov/content/pkg/CREC-2002-02-26/html/CREC-2002-02-26-pt1-PgH535-3.htm,CREC-2002-02-26-pt1-PgH535-3,CREC-2002-02-26
2002-03-20,107,Ernie Fletcher,"Agriculture, Committee On Budget,; Education And The Workforce","Cong. Rec. Vol. 148, No. 33, p. H1073",https://www.govinfo.gov/content/pkg/CREC-2002-03-20/html/CREC-2002-03-20-pt1-PgH1073-5.htm,CREC-2002-03-20-pt1-PgH1073-5,CREC-2002-03-20
2002-04-11,107,"Alcee, L. Hastings",Intelligence,"Cong. Rec. Vol. 148, No. 39, p. H1269-H1270",https://www.govinfo.gov/content/pkg/CREC-2002-04-11/html/CREC-2002-04-11-pt1-PgH1269-2.htm,CREC-2002-04-11-pt1-PgH1269-2,CREC-2002-04-11
2002-04-18,107,John Cooksey,Transportation And Infrastructure,"Cong. Rec. Vol. 148, No. 44, p. H1453",https://www.govinfo.gov/content/pkg/CREC-2002-04-18/html/CREC-2002-04-18-pt1-PgH1453-2.htm,CREC-2002-04-18-pt1-PgH1453-2,CREC-2002-04-18
2002-05-07,107,James P. McGovern,Transportation And Infrastructure,"Cong. Rec. Vol. 148, No. 56, p. H2113-H2114",https://www.govinfo.gov/content/pkg/CREC-2002-05-07/html/CREC-2002-05-07-pt1-PgH2113-10.htm,CREC-2002-05-07-pt1-PgH2113-10,CREC-2002-05-07
2002-05-07,107,Tony P. Hall,Rules,"Cong. Rec. Vol. 148, No. 56, p. H2113",https://www.govinfo.gov/content/pkg/CREC-2002-05-07/html/CREC-2002-05-07-pt1-PgH2113-8.htm,CREC-2002-05-07-pt1-PgH2113-8,CREC-2002-05-07
2002-05-07,107,James P. McGovern,Resources,"Cong. Rec. Vol. 148, No. 56, p. H2113",https://www.govinfo.gov/content/pkg/CREC-2002-05-07/html/CREC-2002-05-07-pt1-PgH2113-9.htm,CREC-2002-05-07-pt1-PgH2113-9,CREC-2002-05-07
2002-05-16,107,"Ed Bryant, M.C",Judiciary,"Cong. Rec. Vol. 148, No. 63, p. H2599",https://www.govinfo.gov/content/pkg/CREC-2002-05-16/html/CREC-2002-05-16-pt1-PgH2599-2.htm,CREC-2002-05-16-pt1-PgH2599-2,CREC-2002-05-16
2002-05-16,107,J. Randy Forbes,Science,"Cong. Rec. Vol. 148, No. 63, p. H2599",https://www.govinfo.gov/content/pkg/CREC-2002-05-16/html/CREC-2002-05-16-pt1-PgH2599-3.htm,CREC-2002-05-16-pt1-PgH2599-3,CREC-2002-05-16
2002-05-16,107,Mike Pence,Science,"Cong. Rec. Vol. 148, No. 63, p. H2599",https://www.govinfo.gov/content/pkg/CREC-2002-05-16/html/CREC-2002-05-16-pt1-PgH2599.htm,CREC-2002-05-16-pt1-PgH2599,CREC-2002-05-16
2002-07-08,107,Michael E. Capuano,Budget,"Cong. Rec. Vol. 148, No. 90, p. H4336",https://www.govinfo.gov/content/pkg/CREC-2002-07-08/html/CREC-2002-07-08-pt1-PgH4336-3.htm,CREC-2002-07-08-pt1-PgH4336-3,CREC-2002-07-08
2003-02-05,108,Jim Turner,Government Reform,"Cong. Rec. Vol. 149, No. 21, p. H313-H314",https://www.govinfo.gov/content/pkg/CREC-2003-02-05/html/CREC-2003-02-05-pt1-PgH313-10.htm,CREC-2003-02-05-pt1-PgH313-10,CREC-2003-02-05
2003-02-05,108,Joel Hefley,Resources,"Cong. Rec. Vol. 149, No. 21, p. H313",https://www.govinfo.gov/content/pkg/CREC-2003-02-05/html/CREC-2003-02-05-pt1-PgH313-2.htm,CREC-2003-02-05-pt1-PgH313-2,CREC-2003-02-05
2003-02-05,108,George Miller,Resources,"Cong. Rec. Vol. 149, No. 21, p. H313",https://www.govinfo.gov/content/pkg/CREC-2003-02-05/html/CREC-2003-02-05-pt1-PgH313-3.htm,CREC-2003-02-05-pt1-PgH313-3,CREC-2003-02-05
2003-02-05,108,Brian Baird,Science,"Cong. Rec. Vol. 149, No. 21, p. H313",https://www.govinfo.gov/content/pkg/CREC-2003-02-05/html/CREC-2003-02-05-pt1-PgH313-4.htm,CREC-2003-02-05-pt1-PgH313-4,CREC-2003-02-05
2003-02-05,108,Leonard Boswell,Agriculture,"Cong. Rec. Vol. 149, No. 21, p. H313",https://www.govinfo.gov/content/pkg/CREC-2003-02-05/html/CREC-2003-02-05-pt1-PgH313-5.htm,CREC-2003-02-05-pt1-PgH313-5,CREC-2003-02-05
2003-02-05,108,Rick Larsen,Agriculture,"Cong. Rec. Vol. 149, No. 21, p. H313",https://www.govinfo.gov/content/pkg/CREC-2003-02-05/html/CREC-2003-02-05-pt1-PgH313-6.htm,CREC-2003-02-05-pt1-PgH313-6,CREC-2003-02-05
2003-02-05,108,Adam Smith,Resources,"Cong. Rec. Vol. 149, No. 21, p. H313",https://www.govinfo.gov/content/pkg/CREC-2003-02-05/html/CREC-2003-02-05-pt1-PgH313-7.htm,CREC-2003-02-05-pt1-PgH313-7,CREC-2003-02-05
2003-02-05,108,Lincoln Davis,Financial Services,"Cong. Rec. Vol. 149, No. 21, p. H313",https://www.govinfo.gov/content/pkg/CREC-2003-02-05/html/CREC-2003-02-05-pt1-PgH313-8.htm,CREC-2003-02-05-pt1-PgH313-8,CREC-2003-02-05
2003-02-05,108,Steve Israel,Science,"Cong. Rec. Vol. 149, No. 21, p. H313",https://www.govinfo.gov/content/pkg/CREC-2003-02-05/html/CREC-2003-02-05-pt1-PgH313-9.htm,CREC-2003-02-05-pt1-PgH313-9,CREC-2003-02-05
2003-02-13,108,Sheila Jackson Lee,Science,"Cong. Rec. Vol. 149, No. 27, p. H675",https://www.govinfo.gov/content/pkg/CREC-2003-02-13/html/CREC-2003-02-13-pt2-PgH675-3.htm,CREC-2003-02-13-pt2-PgH675-3,CREC-2003-02-13
2003-02-26,108,Howard L. Berman,Standards Of Official Conduct,"Cong. Rec. Vol. 149, No. 31, p. H1337",https://www.govinfo.gov/content/pkg/CREC-2003-02-26/html/CREC-2003-02-26-pt1-PgH1337-6.htm,CREC-2003-02-26-pt1-PgH1337-6,CREC-2003-02-26
2003-02-27,108,Robert Brady,Small Business,"Cong. Rec. Vol. 149, No. 32, p. H1440",https://www.govinfo.gov/content/pkg/CREC-2003-02-27/html/CREC-2003-02-27-pt1-PgH1440-3.htm,CREC-2003-02-27-pt1-PgH1440-3,CREC-2003-02-27
2003-03-04,108,Timothy Bishop,Science,"Cong. Rec. Vol. 149, No. 34, p. H1487",https://www.govinfo.gov/content/pkg/CREC-2003-03-04/html/CREC-2003-03-04-pt1-PgH1487-4.htm,CREC-2003-03-04-pt1-PgH1487-4,CREC-2003-03-04
2003-03-04,108,Tim Ryan,Small Business,"Cong. Rec. Vol. 149, No. 34, p. H1487",https://www.govinfo.gov/content/pkg/CREC-2003-03-04/html/CREC-2003-03-04-pt1-PgH1487-5.htm,CREC-2003-03-04-pt1-PgH1487-5,CREC-2003-03-04
2003-03-05,108,C.A. Dutch Ruppersberger,Armed Services,"Cong. Rec. Vol. 149, No. 35, p. H1524",https://www.govinfo.gov/content/pkg/CREC-2003-03-05/html/CREC-2003-03-05-pt1-PgH1524.htm,CREC-2003-03-05-pt1-PgH1524,CREC-2003-03-05
2003-06-19,108,Adam H. Putnam,Resources,"Cong. Rec. Vol. 149, No. 91, p. H5642-H5643",https://www.govinfo.gov/content/pkg/CREC-2003-06-19/html/CREC-2003-06-19-pt1-PgH5642-3.htm,CREC-2003-06-19-pt1-PgH5642-3,CREC-2003-06-19
2004-01-28,108,Roy Blunt,Energy And Commerce,"Cong. Rec. Vol. 150, No. 7, p. H222",https://www.govinfo.gov/content/pkg/CREC-2004-01-28/html/CREC-2004-01-28-pt1-PgH222-2.htm,CREC-2004-01-28-pt1-PgH222-2,CREC-2004-01-28
2004-01-28,108,Rep. Chris Bell,Science; Government Reform,"Cong. Rec. Vol. 150, No. 7, p. H222-H223",https://www.govinfo.gov/content/pkg/CREC-2004-01-28/html/CREC-2004-01-28-pt1-PgH222-3.htm,CREC-2004-01-28-pt1-PgH222-3,CREC-2004-01-28
2004-01-28,108,John Sullivan,Government Reform; Science,"Cong. Rec. Vol. 150, No. 7, p. H222",https://www.govinfo.gov/content/pkg/CREC-2004-01-28/html/CREC-2004-01-28-pt1-PgH222.htm,CREC-2004-01-28-pt1-PgH222,CREC-2004-01-28
2004-02-26,108,W.J. Tauzin,Energy And Commerce,"Cong. Rec. Vol. 150, No. 22, p. H669-H670",https://www.govinfo.gov/content/pkg/CREC-2004-02-26/html/CREC-2004-02-26-pt1-PgH669-5.htm,CREC-2004-02-26-pt1-PgH669-5,CREC-2004-02-26
2004-02-26,108,Joe Barton,Science,"Cong. Rec. Vol. 150, No. 22, p. H670",https://www.govinfo.gov/content/pkg/CREC-2004-02-26/html/CREC-2004-02-26-pt1-PgH670.htm,CREC-2004-02-26-pt1-PgH670,CREC-2004-02-26
2004-03-25,108,Chris Bell,International Relations,"Cong. Rec. Vol. 150, No. 39, p. H1566",https://www.govinfo.gov/content/pkg/CREC-2004-03-25/html/CREC-2004-03-25-pt1-PgH1566-3.htm,CREC-2004-03-25-pt1-PgH1566-3,CREC-2004-03-25
2004-03-30,108,Ken Lucas,Agriculture,"Cong. Rec. Vol. 150, No. 42, p. H1718",https://www.govinfo.gov/content/pkg/CREC-2004-03-30/html/CREC-2004-03-30-pt1-PgH1718-5.htm,CREC-2004-03-30-pt1-PgH1718-5,CREC-2004-03-30
2004-04-27,108,W.J. Tauzin,Homeland Security,"Cong. Rec. Vol. 150, No. 55, p. H2395-H2396",https://www.govinfo.gov/content/pkg/CREC-2004-04-27/html/CREC-2004-04-27-pt1-PgH2395-5.htm,CREC-2004-04-27-pt1-PgH2395-5,CREC-2004-04-27
2004-06-03,108,Mike Thompson,Agriculture,"Cong. Rec. Vol. 150, No. 76, p. H3747",https://www.govinfo.gov/content/pkg/CREC-2004-06-03/html/CREC-2004-06-03-pt1-PgH3747-6.htm,CREC-2004-06-03-pt1-PgH3747-6,CREC-2004-06-03
2004-06-14,108,Betty McCollum,Resources,"Cong. Rec. Vol. 150, No. 81, p. H3927-H3928",https://www.govinfo.gov/content/pkg/CREC-2004-06-14/html/CREC-2004-06-14-pt1-PgH3927-4.htm,CREC-2004-06-14-pt1-PgH3927-4,CREC-2004-06-14
2004-06-16,108,Silvestre Reyes,Veterans' Affairs,"Cong. Rec. Vol. 150, No. 83, p. H4207",https://www.govinfo.gov/content/pkg/CREC-2004-06-16/html/CREC-2004-06-16-pt1-PgH4207-3.htm,CREC-2004-06-16-pt1-PgH4207-3,CREC-2004-06-16
2004-09-08,108,Doug Bereuter,Intelligence,"Cong. Rec. Vol. 150, No. 105, p. H6874",https://www.govinfo.gov/content/pkg/CREC-2004-09-08/html/CREC-2004-09-08-pt1-PgH6874-2.htm,CREC-2004-09-08-pt1-PgH6874-2,CREC-2004-09-08
2004-09-08,108,Porter J. Goss,Intelligence,"Cong. Rec. Vol. 150, No. 105, p. H6874",https://www.govinfo.gov/content/pkg/CREC-2004-09-08/html/CREC-2004-09-08-pt1-PgH6874-3.htm,CREC-2004-09-08-pt1-PgH6874-3,CREC-2004-09-08
2004-09-08,108,Jo Ann Davis,Government Reform,"Cong. Rec. Vol. 150, No. 105, p. H6874",https://www.govinfo.gov/content/pkg/CREC-2004-09-08/html/CREC-2004-09-08-pt1-PgH6874.htm,CREC-2004-09-08-pt1-PgH6874,CREC-2004-09-08
2004-09-29,108,Adam H. Putnam,"Agriculture; Government 
Reform; Budget; Rules","Cong. Rec. Vol. 150, No. 120, p. H7737",https://www.govinfo.gov/content/pkg/CREC-2004-09-29/html/CREC-2004-09-29-pt1-PgH7737-5.htm,CREC-2004-09-29-pt1-PgH7737-5,CREC-2004-09-29
2004-10-07,108,Eric Cantor,Government Reform,"Cong. Rec. Vol. 150, No. 126, p. H8851",https://www.govinfo.gov/content/pkg/CREC-2004-10-07/html/CREC-2004-10-07-pt2-PgH8851-4.htm,CREC-2004-10-07-pt2-PgH8851-4,CREC-2004-10-07
2005-01-26,109,John M. McHugh,International Relations,"Cong. Rec. Vol. 151, No. 6, p. H228-H229",https://www.govinfo.gov/content/pkg/CREC-2005-01-26/html/CREC-2005-01-26-pt1-PgH228.htm,CREC-2005-01-26-pt1-PgH228,CREC-2005-01-26
2005-01-26,109,Rick G. Renzi,Veterans' Affairs,"Cong. Rec. Vol. 151, No. 6, p. H229",https://www.govinfo.gov/content/pkg/CREC-2005-01-26/html/CREC-2005-01-26-pt1-PgH229.htm,CREC-2005-01-26-pt1-PgH229,CREC-2005-01-26
2005-02-02,109,Bennie G. Thompson,Agriculture,"Cong. Rec. Vol. 151, No. 9, p. H317",https://www.govinfo.gov/content/pkg/CREC-2005-02-02/html/CREC-2005-02-02-pt1-PgH317-2.htm,CREC-2005-02-02-pt1-PgH317-2,CREC-2005-02-02
2005-02-02,109,John F. Tierney,Government Reform,"Cong. Rec. Vol. 151, No. 9, p. H317",https://www.govinfo.gov/content/pkg/CREC-2005-02-02/html/CREC-2005-02-02-pt1-PgH317.htm,CREC-2005-02-02-pt1-PgH317,CREC-2005-02-02
2005-02-02,109,Mark Souder,Resources,"Cong. Rec. Vol. 151, No. 9, p. H344",https://www.govinfo.gov/content/pkg/CREC-2005-02-02/html/CREC-2005-02-02-pt1-PgH344-5.htm,CREC-2005-02-02-pt1-PgH344-5,CREC-2005-02-02
2005-02-09,109,Katherine Harris,Government Reform,"Cong. Rec. Vol. 151, No. 13, p. H419",https://www.govinfo.gov/content/pkg/CREC-2005-02-09/html/CREC-2005-02-09-pt1-PgH419-2.htm,CREC-2005-02-09-pt1-PgH419-2,CREC-2005-02-09
2005-02-09,109,Stevan Pearce,Transportation And Infrastructure,"Cong. Rec. Vol. 151, No. 13, p. H419",https://www.govinfo.gov/content/pkg/CREC-2005-02-09/html/CREC-2005-02-09-pt1-PgH419.htm,CREC-2005-02-09-pt1-PgH419,CREC-2005-02-09
2005-02-09,109,Rob Simmons,Veterans' Affairs,"Cong. Rec. Vol. 151, No. 13, p. H437",https://www.govinfo.gov/content/pkg/CREC-2005-02-09/html/CREC-2005-02-09-pt1-PgH437.htm,CREC-2005-02-09-pt1-PgH437,CREC-2005-02-09
2005-02-16,109,Zoe Lofgren,Science,"Cong. Rec. Vol. 151, No. 17, p. H664-H665",https://www.govinfo.gov/content/pkg/CREC-2005-02-16/html/CREC-2005-02-16-pt1-PgH664.htm,CREC-2005-02-16-pt1-PgH664,CREC-2005-02-16
2005-05-05,109,Devin Nunes,Agriculture; Veterans Affairs; Ways,"Cong. Rec. Vol. 151, No. 58, p. H3042-H3043",https://www.govinfo.gov/content/pkg/CREC-2005-05-05/html/CREC-2005-05-05-pt1-PgH3042.htm,CREC-2005-05-05-pt1-PgH3042,CREC-2005-05-05
2005-06-08,109,Adam Smith,Judiciary,"Cong. Rec. Vol. 151, No. 75, p. H4208",https://www.govinfo.gov/content/pkg/CREC-2005-06-08/html/CREC-2005-06-08-pt1-PgH4208.htm,CREC-2005-06-08-pt1-PgH4208,CREC-2005-06-08
2005-09-26,109,"F. James Sensenbrenner, Jr.",Judiciary,"Cong. Rec. Vol. 151, No. 121, p. H8345-H8346",https://www.govinfo.gov/content/pkg/CREC-2005-09-26/html/CREC-2005-09-26-pt1-PgH8345-7.htm,CREC-2005-09-26-pt1-PgH8345-7,CREC-2005-09-26
2005-10-07,109,Ginny Brown-Waite,Government Reform,"Cong. Rec. Vol. 151, No. 130, p. H8799",https://www.govinfo.gov/content/pkg/CREC-2005-10-07/html/CREC-2005-10-07-pt1-PgH8799.htm,CREC-2005-10-07-pt1-PgH8799,CREC-2005-10-07
2005-10-26,109,Roy Blunt,Energy And Commerce,"Cong. Rec. Vol. 151, No. 138, p. H9188-H9189",https://www.govinfo.gov/content/pkg/CREC-2005-10-26/html/CREC-2005-10-26-pt1-PgH9188.htm,CREC-2005-10-26-pt1-PgH9188,CREC-2005-10-26
2006-02-01,109,Bob Ney,House Administration,"Cong. Rec. Vol. 152, No. 10, p. H114-H115",https://www.govinfo.gov/content/pkg/CREC-2006-02-01/html/CREC-2006-02-01-pt1-PgH114-2.htm,CREC-2006-02-01-pt1-PgH114-2,CREC-2006-02-01
2006-02-07,109,J. Gresham Barrett,Energy And Commerce,"Cong. Rec. Vol. 152, No. 13, p. H159",https://www.govinfo.gov/content/pkg/CREC-2006-02-07/html/CREC-2006-02-07-pt1-PgH159-4.htm,CREC-2006-02-07-pt1-PgH159-4,CREC-2006-02-07
2006-02-07,109,John A. Boehner,Education And The Workforce,"Cong. Rec. Vol. 152, No. 13, p. H159",https://www.govinfo.gov/content/pkg/CREC-2006-02-07/html/CREC-2006-02-07-pt1-PgH159.htm,CREC-2006-02-07-pt1-PgH159,CREC-2006-02-07
2006-02-08,109,Ileana Ros-Lehtinen,Budget,"Cong. Rec. Vol. 152, No. 14, p. H164",https://www.govinfo.gov/content/pkg/CREC-2006-02-08/html/CREC-2006-02-08-pt1-PgH164-6.htm,CREC-2006-02-08-pt1-PgH164-6,CREC-2006-02-08
2006-02-08,109,Peter T. King,Financial Services,"Cong. Rec. Vol. 152, No. 14, p. H192-H193",https://www.govinfo.gov/content/pkg/CREC-2006-02-08/html/CREC-2006-02-08-pt1-PgH192-2.htm,CREC-2006-02-08-pt1-PgH192-2,CREC-2006-02-08
2006-02-16,109,Russ Carnahan,Science,"Cong. Rec. Vol. 152, No. 20, p. H371",https://www.govinfo.gov/content/pkg/CREC-2006-02-16/html/CREC-2006-02-16-pt1-PgH371.htm,CREC-2006-02-16-pt1-PgH371,CREC-2006-02-16
2006-02-28,109,John Barrow,Education And The Workforce,"Cong. Rec. Vol. 152, No. 23, p. H393",https://www.govinfo.gov/content/pkg/CREC-2006-02-28/html/CREC-2006-02-28-pt1-PgH393-2.htm,CREC-2006-02-28-pt1-PgH393-2,CREC-2006-02-28
2006-04-25,109,Alan B. Mollohan,Standards Of Official Conduct,"Cong. Rec. Vol. 152, No. 46, p. H1701",https://www.govinfo.gov/content/pkg/CREC-2006-04-25/html/CREC-2006-04-25-pt1-PgH1701.htm,CREC-2006-04-25-pt1-PgH1701,CREC-2006-04-25
2006-06-08,109,Tom DeLay,Appropriations,"Cong. Rec. Vol. 152, No. 72, p. H3548-H3550",https://www.govinfo.gov/content/pkg/CREC-2006-06-08/html/CREC-2006-06-08-pt1-PgH3548-2.htm,CREC-2006-06-08-pt1-PgH3548-2,CREC-2006-06-08
2006-06-29,109,Howard P. McKeon,Armed Services,"Cong. Rec. Vol. 152, No. 87, p. H4893",https://www.govinfo.gov/content/pkg/CREC-2006-06-29/html/CREC-2006-06-29-pt2-PgH4893-2.htm,CREC-2006-06-29-pt2-PgH4893-2,CREC-2006-06-29
2007-01-18,110,James R. Langevin,Armed Services,"Cong. Rec. Vol. 153, No. 10, p. H730-H731",https://www.govinfo.gov/content/pkg/CREC-2007-01-18/html/CREC-2007-01-18-pt1-PgH730-3.htm,CREC-2007-01-18-pt1-PgH730-3,CREC-2007-01-18
2007-02-16,110,Lois Capps,Budget,"Cong. Rec. Vol. 153, No. 30, p. H1861",https://www.govinfo.gov/content/pkg/CREC-2007-02-16/html/CREC-2007-02-16-pt1-PgH1861-4.htm,CREC-2007-02-16-pt1-PgH1861-4,CREC-2007-02-16
2007-03-09,110,Kenny Marchant,Transportation And Infrastructure,"Cong. Rec. Vol. 153, No. 41, p. H2377",https://www.govinfo.gov/content/pkg/CREC-2007-03-09/html/CREC-2007-03-09-pt1-PgH2377-5.htm,CREC-2007-03-09-pt1-PgH2377-5,CREC-2007-03-09
2007-03-09,110,Bob Inglis,Education And Labor,"Cong. Rec. Vol. 153, No. 41, p. H2381",https://www.govinfo.gov/content/pkg/CREC-2007-03-09/html/CREC-2007-03-09-pt1-PgH2381-3.htm,CREC-2007-03-09-pt1-PgH2381-3,CREC-2007-03-09
2007-03-12,110,Marsha Blackburn,Homeland Security And Financial Services,"Cong. Rec. Vol. 153, No. 42, p. H2420",https://www.govinfo.gov/content/pkg/CREC-2007-03-12/html/CREC-2007-03-12-pt1-PgH2420-2.htm,CREC-2007-03-12-pt1-PgH2420-2,CREC-2007-03-12
2007-04-20,110,John T. Doolittle,Appropriations,"Cong. Rec. Vol. 153, No. 64, p. H3721",https://www.govinfo.gov/content/pkg/CREC-2007-04-20/html/CREC-2007-04-20-pt1-PgH3721-6.htm,CREC-2007-04-20-pt1-PgH3721-6,CREC-2007-04-20
2007-04-23,110,Rick Renzi,Intelligence,"Cong. Rec. Vol. 153, No. 65, p. H3741",https://www.govinfo.gov/content/pkg/CREC-2007-04-23/html/CREC-2007-04-23-pt1-PgH3741.htm,CREC-2007-04-23-pt1-PgH3741,CREC-2007-04-23
2007-04-25,110,Rick Renzi,Natural Resources; Financial Services,"Cong. Rec. Vol. 153, No. 67, p. H4053-H4054",https://www.govinfo.gov/content/pkg/CREC-2007-04-25/html/CREC-2007-04-25-pt1-PgH4053-7.htm,CREC-2007-04-25-pt1-PgH4053-7,CREC-2007-04-25
2007-05-15,110,Thaddeus G. McCotter,Budget; Foreign Affairs,"Cong. Rec. Vol. 153, No. 80, p. H5043",https://www.govinfo.gov/content/pkg/CREC-2007-05-15/html/CREC-2007-05-15-pt1-PgH5043-2.htm,CREC-2007-05-15-pt1-PgH5043-2,CREC-2007-05-15
2007-05-16,110,Ken Calvert,"Armed Services, Committee On Science And Technology; Natural Resources","Cong. Rec. Vol. 153, No. 81, p. H5060",https://www.govinfo.gov/content/pkg/CREC-2007-05-16/html/CREC-2007-05-16-pt1-PgH5060.htm,CREC-2007-05-16-pt1-PgH5060,CREC-2007-05-16
2007-06-05,110,William J. Jefferson,Small Business,"Cong. Rec. Vol. 153, No. 89, p. H5931",https://www.govinfo.gov/content/pkg/CREC-2007-06-05/html/CREC-2007-06-05-pt1-PgH5931-7.htm,CREC-2007-06-05-pt1-PgH5931-7,CREC-2007-06-05
2007-06-28,110,Paul E. Gillmor,Energy And Commerce,"Cong. Rec. Vol. 153, No. 106, p. H7412",https://www.govinfo.gov/content/pkg/CREC-2007-06-28/html/CREC-2007-06-28-pt1-PgH7412-3.htm,CREC-2007-06-28-pt1-PgH7412-3,CREC-2007-06-28
2007-07-12,110,Betty Sutton,Budget,"Cong. Rec. Vol. 153, No. 111, p. H7719",https://www.govinfo.gov/content/pkg/CREC-2007-07-12/html/CREC-2007-07-12-pt1-PgH7719.htm,CREC-2007-07-12-pt1-PgH7719,CREC-2007-07-12
2007-07-27,110,Kevin McCarthy,Homeland Security,"Cong. Rec. Vol. 153, No. 122, p. H8813",https://www.govinfo.gov/content/pkg/CREC-2007-07-27/html/CREC-2007-07-27-pt1-PgH8813-3.htm,CREC-2007-07-27-pt1-PgH8813-3,CREC-2007-07-27
2007-09-20,110,Michael M. Honda,Science And Technology,"Cong. Rec. Vol. 153, No. 140, p. H10631",https://www.govinfo.gov/content/pkg/CREC-2007-09-20/html/CREC-2007-09-20-pt1-PgH10631-3.htm,CREC-2007-09-20-pt1-PgH10631-3,CREC-2007-09-20
2007-10-02,110,Kevin McCarthy,Agriculture,"Cong. Rec. Vol. 153, No. 148, p. H11099",https://www.govinfo.gov/content/pkg/CREC-2007-10-02/html/CREC-2007-10-02-pt1-PgH11099-2.htm,CREC-2007-10-02-pt1-PgH11099-2,CREC-2007-10-02
2007-10-02,110,Kevin McCarthy,Natural Resources,"Cong. Rec. Vol. 153, No. 148, p. H11099",https://www.govinfo.gov/content/pkg/CREC-2007-10-02/html/CREC-2007-10-02-pt1-PgH11099.htm,CREC-2007-10-02-pt1-PgH11099,CREC-2007-10-02
2007-10-31,110,James R. Langevin,Armed Services,"Cong. Rec. Vol. 153, No. 167, p. H12348",https://www.govinfo.gov/content/pkg/CREC-2007-10-31/html/CREC-2007-10-31-pt1-PgH12348-2.htm,CREC-2007-10-31-pt1-PgH12348-2,CREC-2007-10-31
2007-12-12,110,Alcee L. Hastings,Intelligence,"Cong. Rec. Vol. 153, No. 190, p. H15341",https://www.govinfo.gov/content/pkg/CREC-2007-12-12/html/CREC-2007-12-12-pt1-PgH15341.htm,CREC-2007-12-12-pt1-PgH15341,CREC-2007-12-12
2007-12-18,110,Robert E. Latta,Science And Technology,"Cong. Rec. Vol. 153, No. 194, p. H16792",https://www.govinfo.gov/content/pkg/CREC-2007-12-18/html/CREC-2007-12-18-pt1-PgH16792-2.htm,CREC-2007-12-18-pt1-PgH16792-2,CREC-2007-12-18
2007-12-18,110,Robert J. Wittman,Science And Technology,"Cong. Rec. Vol. 153, No. 194, p. H16792",https://www.govinfo.gov/content/pkg/CREC-2007-12-18/html/CREC-2007-12-18-pt1-PgH16792.htm,CREC-2007-12-18-pt1-PgH16792,CREC-2007-12-18
2008-01-15,110,Roy Blunt,Foreign Affairs,"Cong. Rec. Vol. 154, No. 5, p. H5-H6",https://www.govinfo.gov/content/pkg/CREC-2008-01-15/html/CREC-2008-01-15-pt1-PgH5-2.htm,CREC-2008-01-15-pt1-PgH5-2,CREC-2008-01-15
2008-02-26,110,Jim Jordan,Small Business,"Cong. Rec. Vol. 154, No. 31, p. H1046",https://www.govinfo.gov/content/pkg/CREC-2008-02-26/html/CREC-2008-02-26-pt1-PgH1046-5.htm,CREC-2008-02-26-pt1-PgH1046-5,CREC-2008-02-26
2008-02-26,110,Dean Heller,Natural Resources; Education And Labor; Small Business,"Cong. Rec. Vol. 154, No. 31, p. H1046",https://www.govinfo.gov/content/pkg/CREC-2008-02-26/html/CREC-2008-02-26-pt1-PgH1046-6.htm,CREC-2008-02-26-pt1-PgH1046-6,CREC-2008-02-26
2008-02-26,110,Jo Bonner,Agriculture And Science And Technology,"Cong. Rec. Vol. 154, No. 31, p. H1046",https://www.govinfo.gov/content/pkg/CREC-2008-02-26/html/CREC-2008-02-26-pt1-PgH1046.htm,CREC-2008-02-26-pt1-PgH1046,CREC-2008-02-26
2008-03-11,110,Candice S. Miller,Armed Services,"Cong. Rec. Vol. 154, No. 41, p. H1458",https://www.govinfo.gov/content/pkg/CREC-2008-03-11/html/CREC-2008-03-11-pt1-PgH1458-2.htm,CREC-2008-03-11-pt1-PgH1458-2,CREC-2008-03-11
2008-03-11,110,Rob Wittman,Foreign Affairs,"Cong. Rec. Vol. 154, No. 41, p. H1458",https://www.govinfo.gov/content/pkg/CREC-2008-03-11/html/CREC-2008-03-11-pt1-PgH1458-3.htm,CREC-2008-03-11-pt1-PgH1458-3,CREC-2008-03-11
2008-03-11,110,Albio Sires,Financial Services,"Cong. Rec. Vol. 154, No. 41, p. H1458",https://www.govinfo.gov/content/pkg/CREC-2008-03-11/html/CREC-2008-03-11-pt1-PgH1458-4.htm,CREC-2008-03-11-pt1-PgH1458-4,CREC-2008-03-11
2008-04-14,110,Albert R. Wynn,Energy And Commerce,"Cong. Rec. Vol. 154, No. 58, p. H2228",https://www.govinfo.gov/content/pkg/CREC-2008-04-14/html/CREC-2008-04-14-pt1-PgH2228-3.htm,CREC-2008-04-14-pt1-PgH2228-3,CREC-2008-04-14
2008-06-09,110,Dan Boren,Financial Services,"Cong. Rec. Vol. 154, No. 94, p. H5048",https://www.govinfo.gov/content/pkg/CREC-2008-06-09/html/CREC-2008-06-09-pt1-PgH5048-3.htm,CREC-2008-06-09-pt1-PgH5048-3,CREC-2008-06-09
2008-06-09,110,Lincoln Davis,Agriculture,"Cong. Rec. Vol. 154, No. 94, p. H5048",https://www.govinfo.gov/content/pkg/CREC-2008-06-09/html/CREC-2008-06-09-pt1-PgH5048-4.htm,CREC-2008-06-09-pt1-PgH5048-4,CREC-2008-06-09
2008-06-09,110,Robert Wexler,Financial Services,"Cong. Rec. Vol. 154, No. 94, p. H5048",https://www.govinfo.gov/content/pkg/CREC-2008-06-09/html/CREC-2008-06-09-pt1-PgH5048-5.htm,CREC-2008-06-09-pt1-PgH5048-5,CREC-2008-06-09
2008-06-10,110,Doris O. Matsui,Transportation And Infrastructure,"Cong. Rec. Vol. 154, No. 95, p. H5126",https://www.govinfo.gov/content/pkg/CREC-2008-06-10/html/CREC-2008-06-10-pt1-PgH5126-2.htm,CREC-2008-06-10-pt1-PgH5126-2,CREC-2008-06-10
2008-06-10,110,Mike Doyle,Veterans' Affairs,"Cong. Rec. Vol. 154, No. 95, p. H5126",https://www.govinfo.gov/content/pkg/CREC-2008-06-10/html/CREC-2008-06-10-pt1-PgH5126-3.htm,CREC-2008-06-10-pt1-PgH5126-3,CREC-2008-06-10
2008-06-10,110,Jim Marshall,Financial Services,"Cong. Rec. Vol. 154, No. 95, p. H5126",https://www.govinfo.gov/content/pkg/CREC-2008-06-10/html/CREC-2008-06-10-pt1-PgH5126-4.htm,CREC-2008-06-10-pt1-PgH5126-4,CREC-2008-06-10
2008-06-10,110,Darlene Hooley,Science And Technology,"Cong. Rec. Vol. 154, No. 95, p. H5126",https://www.govinfo.gov/content/pkg/CREC-2008-06-10/html/CREC-2008-06-10-pt1-PgH5126.htm,CREC-2008-06-10-pt1-PgH5126,CREC-2008-06-10
2008-07-15,110,Paul E. Kanjorski,Science And Technology,"Cong. Rec. Vol. 154, No. 116, p. H6520",https://www.govinfo.gov/content/pkg/CREC-2008-07-15/html/CREC-2008-07-15-pt1-PgH6520.htm,CREC-2008-07-15-pt1-PgH6520,CREC-2008-07-15
2009-01-13,111,Peter Welch,Rules,"Cong. Rec. Vol. 155, No. 7, p. H191",https://www.govinfo.gov/content/pkg/CREC-2009-01-13/html/CREC-2009-01-13-pt1-PgH191-3.htm,CREC-2009-01-13-pt1-PgH191-3,CREC-2009-01-13
2009-01-13,111,Betty Sutton,Rules,"Cong. Rec. Vol. 155, No. 7, p. H191",https://www.govinfo.gov/content/pkg/CREC-2009-01-13/html/CREC-2009-01-13-pt1-PgH191-4.htm,CREC-2009-01-13-pt1-PgH191-4,CREC-2009-01-13
2009-01-13,111,Kathy Castor,Rules,"Cong. Rec. Vol. 155, No. 7, p. H191",https://www.govinfo.gov/content/pkg/CREC-2009-01-13/html/CREC-2009-01-13-pt1-PgH191-5.htm,CREC-2009-01-13-pt1-PgH191-5,CREC-2009-01-13
2009-01-13,111,Michael R. Turner,Veterans' Affairs,"Cong. Rec. Vol. 155, No. 7, p. H191-H192",https://www.govinfo.gov/content/pkg/CREC-2009-01-13/html/CREC-2009-01-13-pt1-PgH191-6.htm,CREC-2009-01-13-pt1-PgH191-6,CREC-2009-01-13
2009-01-20,111,Steve Scalise,Transportation And Infrastructure And Veterans' Affairs,"Cong. Rec. Vol. 155, No. 11, p. H389",https://www.govinfo.gov/content/pkg/CREC-2009-01-20/html/CREC-2009-01-20-pt1-PgH389-6.htm,CREC-2009-01-20-pt1-PgH389-6,CREC-2009-01-20
2009-01-20,111,Daniel E. Lungren,Budget,"Cong. Rec. Vol. 155, No. 11, p. H389",https://www.govinfo.gov/content/pkg/CREC-2009-01-20/html/CREC-2009-01-20-pt1-PgH389-7.htm,CREC-2009-01-20-pt1-PgH389-7,CREC-2009-01-20
2009-01-21,111,Virginia Foxx,Education And Labor; Oversight And Government Reform And Agriculture,"Cong. Rec. Vol. 155, No. 12, p. H419",https://www.govinfo.gov/content/pkg/CREC-2009-01-21/html/CREC-2009-01-21-pt1-PgH419-2.htm,CREC-2009-01-21-pt1-PgH419-2,CREC-2009-01-21
2009-01-21,111,Rodney Alexander,Budget,"Cong. Rec. Vol. 155, No. 12, p. H419",https://www.govinfo.gov/content/pkg/CREC-2009-01-21/html/CREC-2009-01-21-pt1-PgH419-3.htm,CREC-2009-01-21-pt1-PgH419-3,CREC-2009-01-21
2009-01-28,111,K. Michael Conaway,Budget,"Cong. Rec. Vol. 155, No. 17, p. H751",https://www.govinfo.gov/content/pkg/CREC-2009-01-28/html/CREC-2009-01-28-pt1-PgH751.htm,CREC-2009-01-28-pt1-PgH751,CREC-2009-01-28
2009-02-09,111,Dan Boren,Armed Services,"Cong. Rec. Vol. 155, No. 26, p. H1055",https://www.govinfo.gov/content/pkg/CREC-2009-02-09/html/CREC-2009-02-09-pt1-PgH1055.htm,CREC-2009-02-09-pt1-PgH1055,CREC-2009-02-09
2009-02-10,111,Adam Smith,Foreign Affairs,"Cong. Rec. Vol. 155, No. 27, p. H1090",https://www.govinfo.gov/content/pkg/CREC-2009-02-10/html/CREC-2009-02-10-pt1-PgH1090-4.htm,CREC-2009-02-10-pt1-PgH1090-4,CREC-2009-02-10
2009-06-03,111,John M. McHugh,Armed Services,"Cong. Rec. Vol. 155, No. 82, p. H6125",https://www.govinfo.gov/content/pkg/CREC-2009-06-03/html/CREC-2009-06-03-pt1-PgH6125-2.htm,CREC-2009-06-03-pt1-PgH6125-2,CREC-2009-06-03
2009-06-15,111,Todd Russell Platts,Oversight And Government Reform,"Cong. Rec. Vol. 155, No. 89, p. H6768",https://www.govinfo.gov/content/pkg/CREC-2009-06-15/html/CREC-2009-06-15-pt1-PgH6768.htm,CREC-2009-06-15-pt1-PgH6768,CREC-2009-06-15
2009-06-25,111,John Kline,Intelligence,"Cong. Rec. Vol. 155, No. 97, p. H7401",https://www.govinfo.gov/content/pkg/CREC-2009-06-25/html/CREC-2009-06-25-pt1-PgH7401-3.htm,CREC-2009-06-25-pt1-PgH7401-3,CREC-2009-06-25
2009-07-14,111,John Kline,Standards Of Official Conduct,"Cong. Rec. Vol. 155, No. 105, p. H8045-H8046",https://www.govinfo.gov/content/pkg/CREC-2009-07-14/html/CREC-2009-07-14-pt1-PgH8045.htm,CREC-2009-07-14-pt1-PgH8045,CREC-2009-07-14
2009-10-15,111,Brad Sherman,Judiciary,"Cong. Rec. Vol. 155, No. 149, p. H11395",https://www.govinfo.gov/content/pkg/CREC-2009-10-15/html/CREC-2009-10-15-pt1-PgH11395.htm,CREC-2009-10-15-pt1-PgH11395,CREC-2009-10-15
2010-02-23,111,Greg Walden,Energy And Commerce,"Cong. Rec. Vol. 156, No. 23, p. H653",https://www.govinfo.gov/content/pkg/CREC-2010-02-23/html/CREC-2010-02-23-pt1-PgH653-8.htm,CREC-2010-02-23-pt1-PgH653-8,CREC-2010-02-23
2010-03-03,111,Charles B. Rangel,Ways And Means,"Cong. Rec. Vol. 156, No. 29, p. H1031",https://www.govinfo.gov/content/pkg/CREC-2010-03-03/html/CREC-2010-03-03-pt1-PgH1031-6.htm,CREC-2010-03-03-pt1-PgH1031-6,CREC-2010-03-03
2010-03-04,111,Pete Stark,Ways And Means.,"Cong. Rec. Vol. 156, No. 30, p. H1108",https://www.govinfo.gov/content/pkg/CREC-2010-03-04/html/CREC-2010-03-04-pt1-PgH1108-3.htm,CREC-2010-03-04-pt1-PgH1108-3,CREC-2010-03-04
2010-03-04,111,Charlie Melancon,Budget,"Cong. Rec. Vol. 156, No. 30, p. H1151",https://www.govinfo.gov/content/pkg/CREC-2010-03-04/html/CREC-2010-03-04-pt1-PgH1151-2.htm,CREC-2010-03-04-pt1-PgH1151-2,CREC-2010-03-04
2010-04-14,111,Robert E. Latta,"Agriculture, Committee On The Budget,; Transportation And Infrastructure","Cong. Rec. Vol. 156, No. 52, p. H2572",https://www.govinfo.gov/content/pkg/CREC-2010-04-14/html/CREC-2010-04-14-pt1-PgH2572.htm,CREC-2010-04-14-pt1-PgH2572,CREC-2010-04-14
2010-05-05,111,Debbie Wasserman Schultz,Judiciary,"Cong. Rec. Vol. 156, No. 66, p. H3132",https://www.govinfo.gov/content/pkg/CREC-2010-05-05/html/CREC-2010-05-05-pt1-PgH3132-5.htm,CREC-2010-05-05-pt1-PgH3132-5,CREC-2010-05-05
2010-05-05,111,Ben Ray Lujan,Homeland Security,"Cong. Rec. Vol. 156, No. 66, p. H3191",https://www.govinfo.gov/content/pkg/CREC-2010-05-05/html/CREC-2010-05-05-pt1-PgH3191.htm,CREC-2010-05-05-pt1-PgH3191,CREC-2010-05-05
2010-05-06,111,Patrick J. Murphy,Armed Services,"Cong. Rec. Vol. 156, No. 67, p. H3216",https://www.govinfo.gov/content/pkg/CREC-2010-05-06/html/CREC-2010-05-06-pt1-PgH3216-2.htm,CREC-2010-05-06-pt1-PgH3216-2,CREC-2010-05-06
2010-05-27,111,Bill Shuster,Armed Services,"Cong. Rec. Vol. 156, No. 82, p. H4077",https://www.govinfo.gov/content/pkg/CREC-2010-05-27/html/CREC-2010-05-27-pt2-PgH4077.htm,CREC-2010-05-27-pt2-PgH4077,CREC-2010-05-27
2011-01-26,112,Zoe Lofgren,Ethics,"Cong. Rec. Vol. 157, No. 11, p. H499-H500",https://www.govinfo.gov/content/pkg/CREC-2011-01-26/html/CREC-2011-01-26-pt1-PgH499-6.htm,CREC-2011-01-26-pt1-PgH499-6,CREC-2011-01-26
2011-01-26,112,Heath Shuler,Small Business,"Cong. Rec. Vol. 157, No. 11, p. H500",https://www.govinfo.gov/content/pkg/CREC-2011-01-26/html/CREC-2011-01-26-pt1-PgH500.htm,CREC-2011-01-26-pt1-PgH500,CREC-2011-01-26
2011-03-08,112,Donna Christensen,Natural Resources And Homeland Security,"Cong. Rec. Vol. 157, No. 34, p. H1598",https://www.govinfo.gov/content/pkg/CREC-2011-03-08/html/CREC-2011-03-08-pt1-PgH1598-5.htm,CREC-2011-03-08-pt1-PgH1598-5,CREC-2011-03-08
2011-03-15,112,Kenny Marchant,Financial Services,"Cong. Rec. Vol. 157, No. 39, p. H1826",https://www.govinfo.gov/content/pkg/CREC-2011-03-15/html/CREC-2011-03-15-pt1-PgH1826.htm,CREC-2011-03-15-pt1-PgH1826,CREC-2011-03-15
2011-04-05,112,Tom Reed,Judiciary; Transportation And Infrastructure,"Cong. Rec. Vol. 157, No. 48, p. H2314",https://www.govinfo.gov/content/pkg/CREC-2011-04-05/html/CREC-2011-04-05-pt1-PgH2314-2.htm,CREC-2011-04-05-pt1-PgH2314-2,CREC-2011-04-05
2011-05-11,112,Stephen L. Fincher,Agriculture; Transportation And Infrastructure,"Cong. Rec. Vol. 157, No. 64, p. H3188",https://www.govinfo.gov/content/pkg/CREC-2011-05-11/html/CREC-2011-05-11-pt1-PgH3188-2.htm,CREC-2011-05-11-pt1-PgH3188-2,CREC-2011-05-11
2011-06-14,112,Tom Reed,Rules,"Cong. Rec. Vol. 157, No. 85, p. H4108",https://www.govinfo.gov/content/pkg/CREC-2011-06-14/html/CREC-2011-06-14-pt1-PgH4108-3.htm,CREC-2011-06-14-pt1-PgH4108-3,CREC-2011-06-14
2011-06-15,112,Chuck Fleischmann,Small Business,"Cong. Rec. Vol. 157, No. 86, p. H4239",https://www.govinfo.gov/content/pkg/CREC-2011-06-15/html/CREC-2011-06-15-pt1-PgH4239.htm,CREC-2011-06-15-pt1-PgH4239,CREC-2011-06-15
2011-06-22,112,Kathy Castor,Armed Services,"Cong. Rec. Vol. 157, No. 90, p. H4420",https://www.govinfo.gov/content/pkg/CREC-2011-06-22/html/CREC-2011-06-22-pt1-PgH4420.htm,CREC-2011-06-22-pt1-PgH4420,CREC-2011-06-22
2011-07-14,112,Mazie K. Hirono,Ethics,"Cong. Rec. Vol. 157, No. 105, p. H5050",https://www.govinfo.gov/content/pkg/CREC-2011-07-14/html/CREC-2011-07-14-pt1-PgH5050.htm,CREC-2011-07-14-pt1-PgH5050,CREC-2011-07-14
2011-09-13,112,Jason Altmire,Small Business,"Cong. Rec. Vol. 157, No. 135, p. H6123",https://www.govinfo.gov/content/pkg/CREC-2011-09-13/html/CREC-2011-09-13-pt1-PgH6123.htm,CREC-2011-09-13-pt1-PgH6123,CREC-2011-09-13
2011-09-20,112,Debbie Wasserman Schultz,Judiciary,"Cong. Rec. Vol. 157, No. 140, p. H6242-H6243",https://www.govinfo.gov/content/pkg/CREC-2011-09-20/html/CREC-2011-09-20-pt1-PgH6242-9.htm,CREC-2011-09-20-pt1-PgH6242-9,CREC-2011-09-20
2011-10-04,112,Mo Brooks,Homeland Security,"Cong. Rec. Vol. 157, No. 147, p. H6533",https://www.govinfo.gov/content/pkg/CREC-2011-10-04/html/CREC-2011-10-04-pt1-PgH6533-2.htm,CREC-2011-10-04-pt1-PgH6533-2,CREC-2011-10-04
2011-10-25,112,Chuck Fleischmann,Natural Resources,"Cong. Rec. Vol. 157, No. 161, p. H7023-H7024",https://www.govinfo.gov/content/pkg/CREC-2011-10-25/html/CREC-2011-10-25-pt1-PgH7023-6.htm,CREC-2011-10-25-pt1-PgH7023-6,CREC-2011-10-25
2012-02-16,112,Jackie Speier,Homeland Security,"Cong. Rec. Vol. 158, No. 26, p. H886-H887",https://www.govinfo.gov/content/pkg/CREC-2012-02-16/html/CREC-2012-02-16-pt1-PgH886-2.htm,CREC-2012-02-16-pt1-PgH886-2,CREC-2012-02-16
2012-02-16,112,Paul D. Tonko,Budget,"Cong. Rec. Vol. 158, No. 26, p. H887",https://www.govinfo.gov/content/pkg/CREC-2012-02-16/html/CREC-2012-02-16-pt1-PgH887.htm,CREC-2012-02-16-pt1-PgH887,CREC-2012-02-16
2012-03-20,112,John P. Sarbanes,"Science, Space, And Technology","Cong. Rec. Vol. 158, No. 46, p. H1411",https://www.govinfo.gov/content/pkg/CREC-2012-03-20/html/CREC-2012-03-20-pt1-PgH1411.htm,CREC-2012-03-20-pt1-PgH1411,CREC-2012-03-20
2012-06-25,112,C.A. Dutch Ruppersberger,Armed Services,"Cong. Rec. Vol. 158, No. 96, p. H3979",https://www.govinfo.gov/content/pkg/CREC-2012-06-25/html/CREC-2012-06-25-pt1-PgH3979-7.htm,CREC-2012-06-25-pt1-PgH3979-7,CREC-2012-06-25
2012-08-01,112,Frank Guinta,"Transportation And Infrastructure, Committee On The Budget,; Oversight And Government Reform","Cong. Rec. Vol. 158, No. 116, p. H5538",https://www.govinfo.gov/content/pkg/CREC-2012-08-01/html/CREC-2012-08-01-pt1-PgH5538-3.htm,CREC-2012-08-01-pt1-PgH5538-3,CREC-2012-08-01
2012-11-28,112,John Garamendi,Natural Resources,"Cong. Rec. Vol. 158, No. 150, p. H6474",https://www.govinfo.gov/content/pkg/CREC-2012-11-28/html/CREC-2012-11-28-pt1-PgH6474-3.htm,CREC-2012-11-28-pt1-PgH6474-3,CREC-2012-11-28
2013-01-14,113,Steve Israel,Appropriations,"Cong. Rec. Vol. 159, No. 3, p. H64",https://www.govinfo.gov/content/pkg/CREC-2013-01-14/html/CREC-2013-01-14-pt1-PgH64-6.htm,CREC-2013-01-14-pt1-PgH64-6,CREC-2013-01-14
2013-01-14,113,C.A. Dutch Ruppersberger,Appropriations,"Cong. Rec. Vol. 159, No. 3, p. H64",https://www.govinfo.gov/content/pkg/CREC-2013-01-14/html/CREC-2013-01-14-pt1-PgH64-7.htm,CREC-2013-01-14-pt1-PgH64-7,CREC-2013-01-14
2013-01-14,113,Mike Quigley,Judiciary And Oversight And Government Reform,"Cong. Rec. Vol. 159, No. 3, p. H64-H65",https://www.govinfo.gov/content/pkg/CREC-2013-01-14/html/CREC-2013-01-14-pt1-PgH64-8.htm,CREC-2013-01-14-pt1-PgH64-8,CREC-2013-01-14
2013-01-14,113,Luis V. Gutierrez,Financial Services,"Cong. Rec. Vol. 159, No. 3, p. H65",https://www.govinfo.gov/content/pkg/CREC-2013-01-14/html/CREC-2013-01-14-pt1-PgH65-2.htm,CREC-2013-01-14-pt1-PgH65-2,CREC-2013-01-14
2013-01-14,113,Janice Hahn,Homeland Security,"Cong. Rec. Vol. 159, No. 3, p. H65",https://www.govinfo.gov/content/pkg/CREC-2013-01-14/html/CREC-2013-01-14-pt1-PgH65-3.htm,CREC-2013-01-14-pt1-PgH65-3,CREC-2013-01-14
2013-01-14,113,Denny Heck,Budget,"Cong. Rec. Vol. 159, No. 3, p. H65",https://www.govinfo.gov/content/pkg/CREC-2013-01-14/html/CREC-2013-01-14-pt1-PgH65-4.htm,CREC-2013-01-14-pt1-PgH65-4,CREC-2013-01-14
2013-01-14,113,Bill Owens,Armed Services And Agriculture,"Cong. Rec. Vol. 159, No. 3, p. H65",https://www.govinfo.gov/content/pkg/CREC-2013-01-14/html/CREC-2013-01-14-pt1-PgH65.htm,CREC-2013-01-14-pt1-PgH65,CREC-2013-01-14
2013-02-04,113,Debbie Wasserman Schultz,Budget,"Cong. Rec. Vol. 159, No. 16, p. H319",https://www.govinfo.gov/content/pkg/CREC-2013-02-04/html/CREC-2013-02-04-pt1-PgH319.htm,CREC-2013-02-04-pt1-PgH319,CREC-2013-02-04
2013-02-26,113,"Andy Harris, M.D.","Transportation And Infrastructure, Committee On Natural Resources,; Science, Space, And Technology","Cong. Rec. Vol. 159, No. 27, p. H649",https://www.govinfo.gov/content/pkg/CREC-2013-02-26/html/CREC-2013-02-26-pt1-PgH649-2.htm,CREC-2013-02-26-pt1-PgH649-2,CREC-2013-02-26
2013-02-26,113,Steve Southerland II,Agriculture,"Cong. Rec. Vol. 159, No. 27, p. H649-H650",https://www.govinfo.gov/content/pkg/CREC-2013-02-26/html/CREC-2013-02-26-pt1-PgH649-3.htm,CREC-2013-02-26-pt1-PgH649-3,CREC-2013-02-26
2013-02-26,113,Jim Renacci,Budget; Financial Services,"Cong. Rec. Vol. 159, No. 27, p. H649",https://www.govinfo.gov/content/pkg/CREC-2013-02-26/html/CREC-2013-02-26-pt1-PgH649.htm,CREC-2013-02-26-pt1-PgH649,CREC-2013-02-26
2013-04-16,113,Keith Rothfus,Judiciary And Homeland Security,"Cong. Rec. Vol. 159, No. 51, p. H2033",https://www.govinfo.gov/content/pkg/CREC-2013-04-16/html/CREC-2013-04-16-pt1-PgH2033-7.htm,CREC-2013-04-16-pt1-PgH2033-7,CREC-2013-04-16
2013-10-15,113,John Yarmuth,Education And The Workforce,"Cong. Rec. Vol. 159, No. 146, p. H6603",https://www.govinfo.gov/content/pkg/CREC-2013-10-15/html/CREC-2013-10-15-pt1-PgH6603-6.htm,CREC-2013-10-15-pt1-PgH6603-6,CREC-2013-10-15
2013-10-29,113,Mark Pocan,Oversight And Government Reform,"Cong. Rec. Vol. 159, No. 152, p. H6872",https://www.govinfo.gov/content/pkg/CREC-2013-10-29/html/CREC-2013-10-29-pt1-PgH6872.htm,CREC-2013-10-29-pt1-PgH6872,CREC-2013-10-29
2013-12-11,113,Mark E. Amodei,"Judiciary, Committee On Natural Resources,; Veterans' Affairs","Cong. Rec. Vol. 159, No. 175, p. H7638",https://www.govinfo.gov/content/pkg/CREC-2013-12-11/html/CREC-2013-12-11-pt1-PgH7638-3.htm,CREC-2013-12-11-pt1-PgH7638-3,CREC-2013-12-11
2013-12-11,113,Martha Roby,"Agriculture, Committee On Armed Services,; Education And The Workforce","Cong. Rec. Vol. 159, No. 175, p. H7638",https://www.govinfo.gov/content/pkg/CREC-2013-12-11/html/CREC-2013-12-11-pt1-PgH7638-4.htm,CREC-2013-12-11-pt1-PgH7638-4,CREC-2013-12-11
2013-12-11,113,Chris Stewart,"Science, Space, And Technology, Committee On Homeland Security,; Natural Resources","Cong. Rec. Vol. 159, No. 175, p. H7638",https://www.govinfo.gov/content/pkg/CREC-2013-12-11/html/CREC-2013-12-11-pt1-PgH7638-5.htm,CREC-2013-12-11-pt1-PgH7638-5,CREC-2013-12-11
2014-02-11,113,David N. Cicilline,Budget,"Cong. Rec. Vol. 160, No. 25, p. H1744",https://www.govinfo.gov/content/pkg/CREC-2014-02-11/html/CREC-2014-02-11-pt1-PgH1744.htm,CREC-2014-02-11-pt1-PgH1744,CREC-2014-02-11
2014-02-21,113,Allyson Y. Schwartz,Budget,"Cong. Rec. Vol. 160, No. 29, p. H1781",https://www.govinfo.gov/content/pkg/CREC-2014-02-21/html/CREC-2014-02-21-pt1-PgH1781-6.htm,CREC-2014-02-21-pt1-PgH1781-6,CREC-2014-02-21
2014-04-01,113,Mark Takano,"Science, Space, And Technology","Cong. Rec. Vol. 160, No. 52, p. H2751",https://www.govinfo.gov/content/pkg/CREC-2014-04-01/html/CREC-2014-04-01-pt1-PgH2751-10.htm,CREC-2014-04-01-pt1-PgH2751-10,CREC-2014-04-01
2014-04-03,113,Tulsi Gabbard,Homeland Security,"Cong. Rec. Vol. 160, No. 54, p. H2885",https://www.govinfo.gov/content/pkg/CREC-2014-04-03/html/CREC-2014-04-03-pt1-PgH2885-2.htm,CREC-2014-04-03-pt1-PgH2885-2,CREC-2014-04-03
2014-04-03,113,Steven A. Horsford,Natural Resources; Homeland Security,"Cong. Rec. Vol. 160, No. 54, p. H2885",https://www.govinfo.gov/content/pkg/CREC-2014-04-03/html/CREC-2014-04-03-pt1-PgH2885-3.htm,CREC-2014-04-03-pt1-PgH2885-3,CREC-2014-04-03
2014-04-28,113,Michael G. Grimm,Financial Services,"Cong. Rec. Vol. 160, No. 61, p. H3221",https://www.govinfo.gov/content/pkg/CREC-2014-04-28/html/CREC-2014-04-28-pt1-PgH3221.htm,CREC-2014-04-28-pt1-PgH3221,CREC-2014-04-28
2014-05-20,113,Luke Messer,Budget; Foreign Affairs,"Cong. Rec. Vol. 160, No. 76, p. H4487",https://www.govinfo.gov/content/pkg/CREC-2014-05-20/html/CREC-2014-05-20-pt1-PgH4487-2.htm,CREC-2014-05-20-pt1-PgH4487-2,CREC-2014-05-20
2014-05-29,113,Trey Gowdy,Education And The Workforce,"Cong. Rec. Vol. 160, No. 82, p. H4927",https://www.govinfo.gov/content/pkg/CREC-2014-05-29/html/CREC-2014-05-29-pt1-PgH4927-3.htm,CREC-2014-05-29-pt1-PgH4927-3,CREC-2014-05-29
2015-03-04,114,Frederica S. Wilson,"Science, Space, And Technology","Cong. Rec. Vol. 161, No. 37, p. H1603",https://www.govinfo.gov/content/pkg/CREC-2015-03-04/html/CREC-2015-03-04-pt1-PgH1603-4.htm,CREC-2015-03-04-pt1-PgH1603-4,CREC-2015-03-04
2015-03-13,114,Adam B. Schiff,Appropriations,"Cong. Rec. Vol. 161, No. 43, p. H1630",https://www.govinfo.gov/content/pkg/CREC-2015-03-13/html/CREC-2015-03-13-pt1-PgH1630-2.htm,CREC-2015-03-13-pt1-PgH1630-2,CREC-2015-03-13
2015-03-16,114,Will Hurd,Small Business,"Cong. Rec. Vol. 161, No. 44, p. H1643",https://www.govinfo.gov/content/pkg/CREC-2015-03-16/html/CREC-2015-03-16-pt1-PgH1643.htm,CREC-2015-03-16-pt1-PgH1643,CREC-2015-03-16
2015-03-17,114,Aaron Schock,"Ways And Means, Committee On The Budget,; House Administration","Cong. Rec. Vol. 161, No. 45, p. H1716",https://www.govinfo.gov/content/pkg/CREC-2015-03-17/html/CREC-2015-03-17-pt1-PgH1716.htm,CREC-2015-03-17-pt1-PgH1716,CREC-2015-03-17
2015-03-24,114,Steven M. Palazzo,Armed Services; Homeland Security,"Cong. Rec. Vol. 161, No. 49, p. H1855",https://www.govinfo.gov/content/pkg/CREC-2015-03-24/html/CREC-2015-03-24-pt1-PgH1855-7.htm,CREC-2015-03-24-pt1-PgH1855-7,CREC-2015-03-24
2015-04-22,114,Mark Takai,Natural Resources,"Cong. Rec. Vol. 161, No. 59, p. H2381",https://www.govinfo.gov/content/pkg/CREC-2015-04-22/html/CREC-2015-04-22-pt1-PgH2381.htm,CREC-2015-04-22-pt1-PgH2381,CREC-2015-04-22
2015-04-29,114,Robert J. Dold,Financial Services,"Cong. Rec. Vol. 161, No. 63, p. H2574",https://www.govinfo.gov/content/pkg/CREC-2015-04-29/html/CREC-2015-04-29-pt1-PgH2574.htm,CREC-2015-04-29-pt1-PgH2574,CREC-2015-04-29
2015-05-14,114,Bradley Byrne,Natural Resources,"Cong. Rec. Vol. 161, No. 74, p. H2972",https://www.govinfo.gov/content/pkg/CREC-2015-05-14/html/CREC-2015-05-14-pt1-PgH2972-3.htm,CREC-2015-05-14-pt1-PgH2972-3,CREC-2015-05-14
2015-05-19,114,Tom Emmer,Agriculture; Foreign Affairs,"Cong. Rec. Vol. 161, No. 77, p. H3317-H3318",https://www.govinfo.gov/content/pkg/CREC-2015-05-19/html/CREC-2015-05-19-pt1-PgH3317-7.htm,CREC-2015-05-19-pt1-PgH3317-7,CREC-2015-05-19
2015-05-19,114,Patrick Meehan,Homeland Security,"Cong. Rec. Vol. 161, No. 77, p. H3318",https://www.govinfo.gov/content/pkg/CREC-2015-05-19/html/CREC-2015-05-19-pt1-PgH3318.htm,CREC-2015-05-19-pt1-PgH3318,CREC-2015-05-19
2015-06-10,114,Steven M. Palazzo,"Science, Space, And Technology","Cong. Rec. Vol. 161, No. 92, p. H4015",https://www.govinfo.gov/content/pkg/CREC-2015-06-10/html/CREC-2015-06-10-pt1-PgH4015-7.htm,CREC-2015-06-10-pt1-PgH4015-7,CREC-2015-06-10
2015-09-25,114,Dan Newhouse,"Science, Space, And Technology","Cong. Rec. Vol. 161, No. 139, p. H6256",https://www.govinfo.gov/content/pkg/CREC-2015-09-25/html/CREC-2015-09-25-pt1-PgH6256.htm,CREC-2015-09-25-pt1-PgH6256,CREC-2015-09-25
2015-10-29,114,Paul D. Ryan,Ways And Means And Joint Committee On Taxation,"Cong. Rec. Vol. 161, No. 160, p. H7340",https://www.govinfo.gov/content/pkg/CREC-2015-10-29/html/CREC-2015-10-29-pt1-PgH7340-3.htm,CREC-2015-10-29-pt1-PgH7340-3,CREC-2015-10-29
2015-11-05,114,Tom Rice,"Budget, Committee On Small Business,; Transportation And Infrastructure","Cong. Rec. Vol. 161, No. 165, p. H8136",https://www.govinfo.gov/content/pkg/CREC-2015-11-05/html/CREC-2015-11-05-pt1-PgH8136-3.htm,CREC-2015-11-05-pt1-PgH8136-3,CREC-2015-11-05
2015-11-30,114,Kevin Brady,Joint Economic Committee,"Cong. Rec. Vol. 161, No. 172, p. H8435",https://www.govinfo.gov/content/pkg/CREC-2015-11-30/html/CREC-2015-11-30-pt1-PgH8435-2.htm,CREC-2015-11-30-pt1-PgH8435-2,CREC-2015-11-30
2015-12-08,114,Vern Buchanan,Budget,"Cong. Rec. Vol. 161, No. 177, p. H9032",https://www.govinfo.gov/content/pkg/CREC-2015-12-08/html/CREC-2015-12-08-pt1-PgH9032-6.htm,CREC-2015-12-08-pt1-PgH9032-6,CREC-2015-12-08
2016-02-04,114,Mike Bost,Small Business,"Cong. Rec. Vol. 162, No. 21, p. H583-H584",https://www.govinfo.gov/content/pkg/CREC-2016-02-04/html/CREC-2016-02-04-pt1-PgH583-2.htm,CREC-2016-02-04-pt1-PgH583-2,CREC-2016-02-04
2016-02-04,114,Bill Johnson,"Science, Space, And Technology","Cong. Rec. Vol. 162, No. 21, p. H583",https://www.govinfo.gov/content/pkg/CREC-2016-02-04/html/CREC-2016-02-04-pt1-PgH583.htm,CREC-2016-02-04-pt1-PgH583,CREC-2016-02-04
2016-02-04,114,Marsha Blackburn,Budget,"Cong. Rec. Vol. 162, No. 21, p. H584",https://www.govinfo.gov/content/pkg/CREC-2016-02-04/html/CREC-2016-02-04-pt1-PgH584.htm,CREC-2016-02-04-pt1-PgH584,CREC-2016-02-04
2016-05-26,114,Luis V. Gutierrez,Intelligence,"Cong. Rec. Vol. 162, No. 84, p. H3288",https://www.govinfo.gov/content/pkg/CREC-2016-05-26/html/CREC-2016-05-26-pt1-PgH3288.htm,CREC-2016-05-26-pt1-PgH3288,CREC-2016-05-26
2016-07-06,114,Joaquin Castro,Armed Services,"Cong. Rec. Vol. 162, No. 108, p. H4293",https://www.govinfo.gov/content/pkg/CREC-2016-07-06/html/CREC-2016-07-06-pt1-PgH4293-3.htm,CREC-2016-07-06-pt1-PgH4293-3,CREC-2016-07-06
2016-09-13,114,Matt Cartwright,Oversight And Government Reform; Natural Resources,"Cong. Rec. Vol. 162, No. 138, p. H5365",https://www.govinfo.gov/content/pkg/CREC-2016-09-13/html/CREC-2016-09-13-pt1-PgH5365.htm,CREC-2016-09-13-pt1-PgH5365,CREC-2016-09-13
2017-01-13,115,Brendan F. Boyle,Oversight And Government Reform,"Cong. Rec. Vol. 163, No. 9, p. H532",https://www.govinfo.gov/content/pkg/CREC-2017-01-13/html/CREC-2017-01-13-pt1-PgH532-4.htm,CREC-2017-01-13-pt1-PgH532-4,CREC-2017-01-13
2017-01-13,115,Ted W. Lieu,Oversight And Government Reform,"Cong. Rec. Vol. 163, No. 9, p. H532-H533",https://www.govinfo.gov/content/pkg/CREC-2017-01-13/html/CREC-2017-01-13-pt1-PgH532-5.htm,CREC-2017-01-13-pt1-PgH532-5,CREC-2017-01-13
2017-01-24,115,Linda T. Sanchez,Ethics,"Cong. Rec. Vol. 163, No. 13, p. H633",https://www.govinfo.gov/content/pkg/CREC-2017-01-24/html/CREC-2017-01-24-pt1-PgH633.htm,CREC-2017-01-24-pt1-PgH633,CREC-2017-01-24
2017-02-06,115,Scott H. Peters,Armed Services,"Cong. Rec. Vol. 163, No. 20, p. H992",https://www.govinfo.gov/content/pkg/CREC-2017-02-06/html/CREC-2017-02-06-pt1-PgH992-2.htm,CREC-2017-02-06-pt1-PgH992-2,CREC-2017-02-06
2017-02-06,115,Pete Aguilar,Armed Services,"Cong. Rec. Vol. 163, No. 20, p. H992",https://www.govinfo.gov/content/pkg/CREC-2017-02-06/html/CREC-2017-02-06-pt1-PgH992.htm,CREC-2017-02-06-pt1-PgH992,CREC-2017-02-06
2017-02-06,115,Joaquin Castro,Armed Services,"Cong. Rec. Vol. 163, No. 20, p. H994",https://www.govinfo.gov/content/pkg/CREC-2017-02-06/html/CREC-2017-02-06-pt1-PgH994-2.htm,CREC-2017-02-06-pt1-PgH994-2,CREC-2017-02-06
2017-02-07,115,"Judy Chu, Ph.D.",Judiciary; Small Business,"Cong. Rec. Vol. 163, No. 21, p. H1031",https://www.govinfo.gov/content/pkg/CREC-2017-02-07/html/CREC-2017-02-07-pt1-PgH1031.htm,CREC-2017-02-07-pt1-PgH1031,CREC-2017-02-07
2017-02-16,115,Michael D. Bishop,Judiciary; Education And The Workforce,"Cong. Rec. Vol. 163, No. 28, p. H1259",https://www.govinfo.gov/content/pkg/CREC-2017-02-16/html/CREC-2017-02-16-pt1-PgH1259-5.htm,CREC-2017-02-16-pt1-PgH1259-5,CREC-2017-02-16
2017-05-02,115,Steven D. Russell,Education And The Workforce,"Cong. Rec. Vol. 163, No. 75, p. H3012-H3013",https://www.govinfo.gov/content/pkg/CREC-2017-05-02/html/CREC-2017-05-02-pt1-PgH3012-6.htm,CREC-2017-05-02-pt1-PgH3012-6,CREC-2017-05-02
2017-06-13,115,Jason Chaffetz,Oversight And Government Reform,"Cong. Rec. Vol. 163, No. 100, p. H4867",https://www.govinfo.gov/content/pkg/CREC-2017-06-13/html/CREC-2017-06-13-pt1-PgH4867-5.htm,CREC-2017-06-13-pt1-PgH4867-5,CREC-2017-06-13
2017-06-27,115,Tom Marino,Homeland Security,"Cong. Rec. Vol. 163, No. 110, p. H5192",https://www.govinfo.gov/content/pkg/CREC-2017-06-27/html/CREC-2017-06-27-pt1-PgH5192-3.htm,CREC-2017-06-27-pt1-PgH5192-3,CREC-2017-06-27
2017-06-27,115,Gary Palmer,"Science, Space, And Technology","Cong. Rec. Vol. 163, No. 110, p. H5192",https://www.govinfo.gov/content/pkg/CREC-2017-06-27/html/CREC-2017-06-27-pt1-PgH5192-4.htm,CREC-2017-06-27-pt1-PgH5192-4,CREC-2017-06-27
2017-06-27,115,Jason E. Chaffetz,Judiciary; Oversight And Government Reform,"Cong. Rec. Vol. 163, No. 110, p. H5192",https://www.govinfo.gov/content/pkg/CREC-2017-06-27/html/CREC-2017-06-27-pt1-PgH5192-5.htm,CREC-2017-06-27-pt1-PgH5192-5,CREC-2017-06-27
2017-06-27,115,Ron Estes,Small Business,"Cong. Rec. Vol. 163, No. 110, p. H5192",https://www.govinfo.gov/content/pkg/CREC-2017-06-27/html/CREC-2017-06-27-pt1-PgH5192-6.htm,CREC-2017-06-27-pt1-PgH5192-6,CREC-2017-06-27
2017-06-27,115,David Rouzer,Natural Resources,"Cong. Rec. Vol. 163, No. 110, p. H5192",https://www.govinfo.gov/content/pkg/CREC-2017-06-27/html/CREC-2017-06-27-pt1-PgH5192-7.htm,CREC-2017-06-27-pt1-PgH5192-7,CREC-2017-06-27
2017-07-12,115,Jimmy Panetta,Natural Resources,"Cong. Rec. Vol. 163, No. 117, p. H5533",https://www.govinfo.gov/content/pkg/CREC-2017-07-12/html/CREC-2017-07-12-pt1-PgH5533-2.htm,CREC-2017-07-12-pt1-PgH5533-2,CREC-2017-07-12
2017-07-12,115,Tim Walz,Armed Services,"Cong. Rec. Vol. 163, No. 117, p. H5533",https://www.govinfo.gov/content/pkg/CREC-2017-07-12/html/CREC-2017-07-12-pt1-PgH5533-3.htm,CREC-2017-07-12-pt1-PgH5533-3,CREC-2017-07-12
2017-07-18,115,John P. Sarbanes,Oversight And Government Reform,"Cong. Rec. Vol. 163, No. 121, p. H5943",https://www.govinfo.gov/content/pkg/CREC-2017-07-18/html/CREC-2017-07-18-pt1-PgH5943.htm,CREC-2017-07-18-pt1-PgH5943,CREC-2017-07-18
2017-10-24,115,Jeff Duncan,Foreign Affairs; Homeland Security,"Cong. Rec. Vol. 163, No. 171, p. H8086",https://www.govinfo.gov/content/pkg/CREC-2017-10-24/html/CREC-2017-10-24-pt1-PgH8086-4.htm,CREC-2017-10-24-pt1-PgH8086-4,CREC-2017-10-24
2017-11-29,115,Don Bacon,Small Business,"Cong. Rec. Vol. 163, No. 194, p. H9478",https://www.govinfo.gov/content/pkg/CREC-2017-11-29/html/CREC-2017-11-29-pt1-PgH9478-5.htm,CREC-2017-11-29-pt1-PgH9478-5,CREC-2017-11-29
2018-01-11,115,Diane Black,Budget,"Cong. Rec. Vol. 164, No. 7, p. H162",https://www.govinfo.gov/content/pkg/CREC-2018-01-11/html/CREC-2018-01-11-pt1-PgH162-4.htm,CREC-2018-01-11-pt1-PgH162-4,CREC-2018-01-11
2018-01-11,115,Trey Gowdy,Ethics,"Cong. Rec. Vol. 164, No. 7, p. H162-H163",https://www.govinfo.gov/content/pkg/CREC-2018-01-11/html/CREC-2018-01-11-pt1-PgH162-5.htm,CREC-2018-01-11-pt1-PgH162-5,CREC-2018-01-11
2018-01-16,115,Darin LaHood,"Science, Space, And Technology; Natural Resources","Cong. Rec. Vol. 164, No. 9, p. H397",https://www.govinfo.gov/content/pkg/CREC-2018-01-16/html/CREC-2018-01-16-pt1-PgH397-3.htm,CREC-2018-01-16-pt1-PgH397-3,CREC-2018-01-16
2018-01-22,115,Patrick Meehan,Ethics,"Cong. Rec. Vol. 164, No. 15, p. H617",https://www.govinfo.gov/content/pkg/CREC-2018-01-22/html/CREC-2018-01-22-pt1-PgH617-3.htm,CREC-2018-01-22-pt1-PgH617-3,CREC-2018-01-22
2018-01-22,115,Jerrold Nadler,Transportation And Infrastructure,"Cong. Rec. Vol. 164, No. 15, p. H621",https://www.govinfo.gov/content/pkg/CREC-2018-01-22/html/CREC-2018-01-22-pt1-PgH621.htm,CREC-2018-01-22-pt1-PgH621,CREC-2018-01-22
2018-03-06,115,Val Butler Demings,Oversight And Government Reform,"Cong. Rec. Vol. 164, No. 39, p. H1421",https://www.govinfo.gov/content/pkg/CREC-2018-03-06/html/CREC-2018-03-06-pt1-PgH1421.htm,CREC-2018-03-06-pt1-PgH1421,CREC-2018-03-06
2018-04-12,115,Norma J. Torres,Natural Resources,"Cong. Rec. Vol. 164, No. 59, p. H3192",https://www.govinfo.gov/content/pkg/CREC-2018-04-12/html/CREC-2018-04-12-pt1-PgH3192.htm,CREC-2018-04-12-pt1-PgH3192,CREC-2018-04-12
2018-04-16,115,Gregorio Kilili Camacho Sablan,Veterans' Affairs,"Cong. Rec. Vol. 164, No. 61, p. H3320",https://www.govinfo.gov/content/pkg/CREC-2018-04-16/html/CREC-2018-04-16-pt1-PgH3320-4.htm,CREC-2018-04-16-pt1-PgH3320-4,CREC-2018-04-16
2018-04-24,115,Paul Mitchell,Education And The Workforce,"Cong. Rec. Vol. 164, No. 66, p. H3491",https://www.govinfo.gov/content/pkg/CREC-2018-04-24/html/CREC-2018-04-24-pt1-PgH3491.htm,CREC-2018-04-24-pt1-PgH3491,CREC-2018-04-24
2018-05-16,115,Jim Banks,"Science, Space, And Technology","Cong. Rec. Vol. 164, No. 80, p. H3990",https://www.govinfo.gov/content/pkg/CREC-2018-05-16/html/CREC-2018-05-16-pt1-PgH3990-5.htm,CREC-2018-05-16-pt1-PgH3990-5,CREC-2018-05-16
2018-05-16,115,John H. Rutherford,Homeland Security; Veterans' Affairs,"Cong. Rec. Vol. 164, No. 80, p. H3990",https://www.govinfo.gov/content/pkg/CREC-2018-05-16/html/CREC-2018-05-16-pt1-PgH3990-6.htm,CREC-2018-05-16-pt1-PgH3990-6,CREC-2018-05-16
2018-05-16,115,Brad Wenstrup,Veterans' Affairs; Armed Services,"Cong. Rec. Vol. 164, No. 80, p. H3990-H3991",https://www.govinfo.gov/content/pkg/CREC-2018-05-16/html/CREC-2018-05-16-pt1-PgH3990-7.htm,CREC-2018-05-16-pt1-PgH3990-7,CREC-2018-05-16
2018-08-10,115,Chris Collins,Energy And Commerce,"Cong. Rec. Vol. 164, No. 133, p. H7749",https://www.govinfo.gov/content/pkg/CREC-2018-08-10/html/CREC-2018-08-10-pt1-PgH7749-6.htm,CREC-2018-08-10-pt1-PgH7749-6,CREC-2018-08-10
2018-08-24,115,Duncan Hunter,"Armed Services, Committee On Education And The Workforce,; Transportation And Infrastructure","Cong. Rec. Vol. 164, No. 142, p. H7761",https://www.govinfo.gov/content/pkg/CREC-2018-08-24/html/CREC-2018-08-24-pt1-PgH7761-6.htm,CREC-2018-08-24-pt1-PgH7761-6,CREC-2018-08-24
2018-09-04,115,James Comer,Small Business,"Cong. Rec. Vol. 164, No. 146, p. H7784",https://www.govinfo.gov/content/pkg/CREC-2018-09-04/html/CREC-2018-09-04-pt1-PgH7784-5.htm,CREC-2018-09-04-pt1-PgH7784-5,CREC-2018-09-04
2018-09-04,115,Barry Loudermilk,Science,"Cong. Rec. Vol. 164, No. 146, p. H7807",https://www.govinfo.gov/content/pkg/CREC-2018-09-04/html/CREC-2018-09-04-pt1-PgH7807.htm,CREC-2018-09-04-pt1-PgH7807,CREC-2018-09-04
2019-01-24,116,Adriano Espaillat,Education And Labor,"Cong. Rec. Vol. 165, No. 15, p. H1183",https://www.govinfo.gov/content/pkg/CREC-2019-01-24/html/CREC-2019-01-24-pt1-PgH1183-2.htm,CREC-2019-01-24-pt1-PgH1183-2,CREC-2019-01-24
2019-01-24,116,Raja Krishnamoorthi,Education And Labor,"Cong. Rec. Vol. 165, No. 15, p. H1183",https://www.govinfo.gov/content/pkg/CREC-2019-01-24/html/CREC-2019-01-24-pt1-PgH1183-3.htm,CREC-2019-01-24-pt1-PgH1183-3,CREC-2019-01-24
2019-02-13,116,Doris Matsui,Rules,"Cong. Rec. Vol. 165, No. 28, p. H1558",https://www.govinfo.gov/content/pkg/CREC-2019-02-13/html/CREC-2019-02-13-pt1-PgH1558.htm,CREC-2019-02-13-pt1-PgH1558,CREC-2019-02-13
2019-02-26,116,Andy Levin,Veterans' Affairs,"Cong. Rec. Vol. 165, No. 35, p. H2130",https://www.govinfo.gov/content/pkg/CREC-2019-02-26/html/CREC-2019-02-26-pt1-PgH2130.htm,CREC-2019-02-26-pt1-PgH2130,CREC-2019-02-26
2019-03-28,116,Neal P. Dunn M.D,"Science, Space, And Technology","Cong. Rec. Vol. 165, No. 54, p. H2900",https://www.govinfo.gov/content/pkg/CREC-2019-03-28/html/CREC-2019-03-28-pt1-PgH2900.htm,CREC-2019-03-28-pt1-PgH2900,CREC-2019-03-28
2019-07-10,116,Francis Rooney,Education And Labor,"Cong. Rec. Vol. 165, No. 115, p. H5336-H5337",https://www.govinfo.gov/content/pkg/CREC-2019-07-10/html/CREC-2019-07-10-pt1-PgH5336-3.htm,CREC-2019-07-10-pt1-PgH5336-3,CREC-2019-07-10
2019-09-25,116,John Ratcliffe,Homeland Security,"Cong. Rec. Vol. 165, No. 155, p. H7978",https://www.govinfo.gov/content/pkg/CREC-2019-09-25/html/CREC-2019-09-25-pt1-PgH7978-2.htm,CREC-2019-09-25-pt1-PgH7978-2,CREC-2019-09-25
2019-09-25,116,Trent Kelly,Small Business,"Cong. Rec. Vol. 165, No. 155, p. H7978",https://www.govinfo.gov/content/pkg/CREC-2019-09-25/html/CREC-2019-09-25-pt1-PgH7978.htm,CREC-2019-09-25-pt1-PgH7978,CREC-2019-09-25
2019-09-26,116,"William R. Timmons, IV",Budget,"Cong. Rec. Vol. 165, No. 156, p. H7999",https://www.govinfo.gov/content/pkg/CREC-2019-09-26/html/CREC-2019-09-26-pt1-PgH7999-4.htm,CREC-2019-09-26-pt1-PgH7999-4,CREC-2019-09-26
2019-09-26,116,"William R. Timmons, IV",Education And Labor,"Cong. Rec. Vol. 165, No. 156, p. H7999",https://www.govinfo.gov/content/pkg/CREC-2019-09-26/html/CREC-2019-09-26-pt1-PgH7999-5.htm,CREC-2019-09-26-pt1-PgH7999-5,CREC-2019-09-26
2019-09-26,116,Jenniffer Gonzalez-Colon,"Science, Space, And Technology","Cong. Rec. Vol. 165, No. 156, p. H7999",https://www.govinfo.gov/content/pkg/CREC-2019-09-26/html/CREC-2019-09-26-pt1-PgH7999-6.htm,CREC-2019-09-26-pt1-PgH7999-6,CREC-2019-09-26
2019-12-19,116,Jim Jordan,Intelligence,"Cong. Rec. Vol. 165, No. 206, p. H12285",https://www.govinfo.gov/content/pkg/CREC-2019-12-19/html/CREC-2019-12-19-pt1-PgH12285-3.htm,CREC-2019-12-19-pt1-PgH12285-3,CREC-2019-12-19
2020-01-15,116,Rep. Peter T. King,Financial Services,"Cong. Rec. Vol. 166, No. 9, p. H258",https://www.govinfo.gov/content/pkg/CREC-2020-01-15/html/CREC-2020-01-15-pt1-PgH258-4.htm,CREC-2020-01-15-pt1-PgH258-4,CREC-2020-01-15
2020-01-15,116,Van Taylor,Homeland Security,"Cong. Rec. Vol. 166, No. 9, p. H258",https://www.govinfo.gov/content/pkg/CREC-2020-01-15/html/CREC-2020-01-15-pt1-PgH258-5.htm,CREC-2020-01-15-pt1-PgH258-5,CREC-2020-01-15
2020-01-15,116,Van Taylor,Education And Labor,"Cong. Rec. Vol. 166, No. 9, p. H258",https://www.govinfo.gov/content/pkg/CREC-2020-01-15/html/CREC-2020-01-15-pt1-PgH258-6.htm,CREC-2020-01-15-pt1-PgH258-6,CREC-2020-01-15
2020-01-15,116,Carolyn B. Maloney,Joint Economic Committee,"Cong. Rec. Vol. 166, No. 9, p. H274",https://www.govinfo.gov/content/pkg/CREC-2020-01-15/html/CREC-2020-01-15-pt1-PgH274.htm,CREC-2020-01-15-pt1-PgH274,CREC-2020-01-15
2020-01-16,116,Jaime Herrera Beutler,"Science, Space, And Technology","Cong. Rec. Vol. 166, No. 10, p. H318",https://www.govinfo.gov/content/pkg/CREC-2020-01-16/html/CREC-2020-01-16-pt1-PgH318-4.htm,CREC-2020-01-16-pt1-PgH318-4,CREC-2020-01-16
2020-04-22,116,Mark DeSaulnier,Rules,"Cong. Rec. Vol. 166, No. 76, p. H1903",https://www.govinfo.gov/content/pkg/CREC-2020-04-22/html/CREC-2020-04-22-pt1-PgH1903-7.htm,CREC-2020-04-22-pt1-PgH1903-7,CREC-2020-04-22
2020-07-01,116,Pete Olson,"Science, Space, And Technology","Cong. Rec. Vol. 166, No. 121, p. H3039",https://www.govinfo.gov/content/pkg/CREC-2020-07-01/html/CREC-2020-07-01-pt1-PgH3039-2.htm,CREC-2020-07-01-pt1-PgH3039-2,CREC-2020-07-01
2020-07-20,116,Steve Watkins,"Education And Labor, Committee On Veterans' Affairs,; Foreign Affairs","Cong. Rec. Vol. 166, No. 127, p. H3584",https://www.govinfo.gov/content/pkg/CREC-2020-07-20/html/CREC-2020-07-20-pt1-PgH3584.htm,CREC-2020-07-20-pt1-PgH3584,CREC-2020-07-20
2020-07-21,116,James Comer,Agriculture,"Cong. Rec. Vol. 166, No. 128, p. H3608",https://www.govinfo.gov/content/pkg/CREC-2020-07-21/html/CREC-2020-07-21-pt1-PgH3608-2.htm,CREC-2020-07-21-pt1-PgH3608-2,CREC-2020-07-21
2020-09-22,116,Cedric L. Richmond,Judiciary; Homeland Security,"Cong. Rec. Vol. 166, No. 164, p. H4666-H4667",https://www.govinfo.gov/content/pkg/CREC-2020-09-22/html/CREC-2020-09-22-pt1-PgH4666.htm,CREC-2020-09-22-pt1-PgH4666,CREC-2020-09-22
2021-01-28,117,Debbie Lesko,Rules,"Cong. Rec. Vol. 167, No. 17, p. H235",https://www.govinfo.gov/content/pkg/CREC-2021-01-28/html/CREC-2021-01-28-pt1-PgH235-5.htm,CREC-2021-01-28-pt1-PgH235-5,CREC-2021-01-28
2021-03-19,117,Darin LaHood,Joint Economic Committee,"Cong. Rec. Vol. 167, No. 52, p. H1605",https://www.govinfo.gov/content/pkg/CREC-2021-03-19/html/CREC-2021-03-19-pt1-PgH1605-3.htm,CREC-2021-03-19-pt1-PgH1605-3,CREC-2021-03-19
2021-05-11,117,Scott H. Peters,Small Business,"Cong. Rec. Vol. 167, No. 81, p. H2159",https://www.govinfo.gov/content/pkg/CREC-2021-05-11/html/CREC-2021-05-11-pt1-PgH2159-6.htm,CREC-2021-05-11-pt1-PgH2159-6,CREC-2021-05-11
2021-06-15,117,Doris Matsui,Natural Resources,"Cong. Rec. Vol. 167, No. 104, p. H2801",https://www.govinfo.gov/content/pkg/CREC-2021-06-15/html/CREC-2021-06-15-pt1-PgH2801.htm,CREC-2021-06-15-pt1-PgH2801,CREC-2021-06-15
2021-10-20,117,Jeff Fortenberry,Appropriations,"Cong. Rec. Vol. 167, No. 184, p. H5704-H5705",https://www.govinfo.gov/content/pkg/CREC-2021-10-20/html/CREC-2021-10-20-pt1-PgH5704-4.htm,CREC-2021-10-20-pt1-PgH5704-4,CREC-2021-10-20
2021-11-01,117,Pete Sessions,"Science, Space, And Technology","Cong. Rec. Vol. 167, No. 191, p. H6052",https://www.govinfo.gov/content/pkg/CREC-2021-11-01/html/CREC-2021-11-01-pt1-PgH6052.htm,CREC-2021-11-01-pt1-PgH6052,CREC-2021-11-01
2021-12-01,117,Ann Kirkpatrick,Agriculture,"Cong. Rec. Vol. 167, No. 207, p. H6726",https://www.govinfo.gov/content/pkg/CREC-2021-12-01/html/CREC-2021-12-01-pt1-PgH6726-6.htm,CREC-2021-12-01-pt1-PgH6726-6,CREC-2021-12-01
2021-12-01,117,Mike Quigley,Oversight And Reform,"Cong. Rec. Vol. 167, No. 207, p. H6726-H6727",https://www.govinfo.gov/content/pkg/CREC-2021-12-01/html/CREC-2021-12-01-pt1-PgH6726-7.htm,CREC-2021-12-01-pt1-PgH6726-7,CREC-2021-12-01
2021-12-01,117,Carol D. Miller,Budget,"Cong. Rec. Vol. 167, No. 207, p. H6837",https://www.govinfo.gov/content/pkg/CREC-2021-12-01/html/CREC-2021-12-01-pt1-PgH6837.htm,CREC-2021-12-01-pt1-PgH6837,CREC-2021-12-01
2022-01-25,117,Gregory F. Murphy,Veterans' Affairs,"Cong. Rec. Vol. 168, No. 16, p. H297",https://www.govinfo.gov/content/pkg/CREC-2022-01-25/html/CREC-2022-01-25-pt1-PgH297-6.htm,CREC-2022-01-25-pt1-PgH297-6,CREC-2022-01-25
2022-01-25,117,Gregory F. Murphy,Education And Labor,"Cong. Rec. Vol. 168, No. 16, p. H297",https://www.govinfo.gov/content/pkg/CREC-2022-01-25/html/CREC-2022-01-25-pt1-PgH297-7.htm,CREC-2022-01-25-pt1-PgH297-7,CREC-2022-01-25
2022-02-02,117,Anthony G. Brown,Veterans' Affairs,"Cong. Rec. Vol. 168, No. 21, p. H357",https://www.govinfo.gov/content/pkg/CREC-2022-02-02/html/CREC-2022-02-02-pt1-PgH357-2.htm,CREC-2022-02-02-pt1-PgH357-2,CREC-2022-02-02
2022-02-02,117,John Yarmuth,Education And Labor,"Cong. Rec. Vol. 168, No. 21, p. H357",https://www.govinfo.gov/content/pkg/CREC-2022-02-02/html/CREC-2022-02-02-pt1-PgH357.htm,CREC-2022-02-02-pt1-PgH357,CREC-2022-02-02
2022-05-12,117,Julia Letlow,Education And Labor,"Cong. Rec. Vol. 168, No. 81, p. H4918",https://www.govinfo.gov/content/pkg/CREC-2022-05-12/html/CREC-2022-05-12-pt1-PgH4918-2.htm,CREC-2022-05-12-pt1-PgH4918-2,CREC-2022-05-12
2022-05-12,117,Julia Letlow,Agriculture,"Cong. Rec. Vol. 168, No. 81, p. H4918",https://www.govinfo.gov/content/pkg/CREC-2022-05-12/html/CREC-2022-05-12-pt1-PgH4918.htm,CREC-2022-05-12-pt1-PgH4918,CREC-2022-05-12
2022-06-08,117,David Kustoff,Financial Services,"Cong. Rec. Vol. 168, No. 98, p. H5403",https://www.govinfo.gov/content/pkg/CREC-2022-06-08/html/CREC-2022-06-08-pt1-PgH5403-2.htm,CREC-2022-06-08-pt1-PgH5403-2,CREC-2022-06-08
2022-06-08,117,Ralph Norman,Homeland Security,"Cong. Rec. Vol. 168, No. 98, p. H5403",https://www.govinfo.gov/content/pkg/CREC-2022-06-08/html/CREC-2022-06-08-pt1-PgH5403.htm,CREC-2022-06-08-pt1-PgH5403,CREC-2022-06-08
2022-06-22,117,Trent Kelly,Budget,"Cong. Rec. Vol. 168, No. 106, p. H5810",https://www.govinfo.gov/content/pkg/CREC-2022-06-22/html/CREC-2022-06-22-pt1-PgH5810.htm,CREC-2022-06-22-pt1-PgH5810,CREC-2022-06-22
2022-09-02,117,Chris Jacobs,Budget,"Cong. Rec. Vol. 168, No. 141, p. H7733",https://www.govinfo.gov/content/pkg/CREC-2022-09-02/html/CREC-2022-09-02-pt1-PgH7733-6.htm,CREC-2022-09-02-pt1-PgH7733-6,CREC-2022-09-02
2022-09-14,117,Joseph D. Morelle,Armed Services; Education And Labor,"Cong. Rec. Vol. 168, No. 148, p. H7795",https://www.govinfo.gov/content/pkg/CREC-2022-09-14/html/CREC-2022-09-14-pt1-PgH7795-2.htm,CREC-2022-09-14-pt1-PgH7795-2,CREC-2022-09-14
2022-09-14,117,Lori Trahan,Natural Resources,"Cong. Rec. Vol. 168, No. 148, p. H7795",https://www.govinfo.gov/content/pkg/CREC-2022-09-14/html/CREC-2022-09-14-pt1-PgH7795.htm,CREC-2022-09-14-pt1-PgH7795,CREC-2022-09-14
2022-11-17,117,Sheila Cherfilus-McCormick,Education And Labor,"Cong. Rec. Vol. 168, No. 178, p. H8577",https://www.govinfo.gov/content/pkg/CREC-2022-11-17/html/CREC-2022-11-17-pt1-PgH8577.htm,CREC-2022-11-17-pt1-PgH8577,CREC-2022-11-17
2023-02-02,118,Jenniffer Gonzalez-Colon,"Science, Space, And Technology","Cong. Rec. Vol. 169, No. 22, p. H659",https://www.govinfo.gov/content/pkg/CREC-2023-02-02/html/CREC-2023-02-02-pt1-PgH659-6.htm,CREC-2023-02-02-pt1-PgH659-6,CREC-2023-02-02
2023-02-08,118,Abigail D. Spanberger,Foreign Affairs,"Cong. Rec. Vol. 169, No. 26, p. H762",https://www.govinfo.gov/content/pkg/CREC-2023-02-08/html/CREC-2023-02-08-pt1-PgH762-2.htm,CREC-2023-02-08-pt1-PgH762-2,CREC-2023-02-08
2023-02-08,118,Rep. Chrissy Houlahan,Foreign Affairs,"Cong. Rec. Vol. 169, No. 26, p. H762",https://www.govinfo.gov/content/pkg/CREC-2023-02-08/html/CREC-2023-02-08-pt1-PgH762.htm,CREC-2023-02-08-pt1-PgH762,CREC-2023-02-08
2023-02-27,118,Jim Costa,Natural Resources,"Cong. Rec. Vol. 169, No. 37, p. H898",https://www.govinfo.gov/content/pkg/CREC-2023-02-27/html/CREC-2023-02-27-pt1-PgH898-2.htm,CREC-2023-02-27-pt1-PgH898-2,CREC-2023-02-27
2023-02-27,118,Stacey E. Plaskett,Agriculture,"Cong. Rec. Vol. 169, No. 37, p. H898",https://www.govinfo.gov/content/pkg/CREC-2023-02-27/html/CREC-2023-02-27-pt1-PgH898-3.htm,CREC-2023-02-27-pt1-PgH898-3,CREC-2023-02-27
2023-02-27,118,"Ami Bera, M.D.","Science, Space, And Technology","Cong. Rec. Vol. 169, No. 37, p. H898",https://www.govinfo.gov/content/pkg/CREC-2023-02-27/html/CREC-2023-02-27-pt1-PgH898-4.htm,CREC-2023-02-27-pt1-PgH898-4,CREC-2023-02-27
2023-02-27,118,Jason Crow,Armed Services,"Cong. Rec. Vol. 169, No. 37, p. H898",https://www.govinfo.gov/content/pkg/CREC-2023-02-27/html/CREC-2023-02-27-pt1-PgH898-5.htm,CREC-2023-02-27-pt1-PgH898-5,CREC-2023-02-27
2023-02-27,118,Mikie Sherrill,"Science, Space, And Technology","Cong. Rec. Vol. 169, No. 37, p. H898",https://www.govinfo.gov/content/pkg/CREC-2023-02-27/html/CREC-2023-02-27-pt1-PgH898.htm,CREC-2023-02-27-pt1-PgH898,CREC-2023-02-27
2023-06-22,118,Becca Balint,Oversight And Accountability,"Cong. Rec. Vol. 169, No. 109, p. H3098",https://www.govinfo.gov/content/pkg/CREC-2023-06-22/html/CREC-2023-06-22-pt1-PgH3098-4.htm,CREC-2023-06-22-pt1-PgH3098-4,CREC-2023-06-22
2023-10-25,118,Mike Johnson,Judiciary And Select Subcommittee On The Weaponization Of The Federal Government,"Cong. Rec. Vol. 169, No. 176, p. H5064",https://www.govinfo.gov/content/pkg/CREC-2023-10-25/html/CREC-2023-10-25-pt1-PgH5064-2.htm,CREC-2023-10-25-pt1-PgH5064-2,CREC-2023-10-25
2023-10-25,118,Mike Johnson,Armed Services,"Cong. Rec. Vol. 169, No. 176, p. H5064",https://www.govinfo.gov/content/pkg/CREC-2023-10-25/html/CREC-2023-10-25-pt1-PgH5064.htm,CREC-2023-10-25-pt1-PgH5064,CREC-2023-10-25
2023-12-06,118,Chuck Edwards,Oversight And Accountability,"Cong. Rec. Vol. 169, No. 201, p. H6197",https://www.govinfo.gov/content/pkg/CREC-2023-12-06/html/CREC-2023-12-06-pt1-PgH6197-2.htm,CREC-2023-12-06-pt1-PgH6197-2,CREC-2023-12-06
2023-12-06,118,Chuck Edwards,Transportation And Infrastructure; Budget,"Cong. Rec. Vol. 169, No. 201, p. H6197",https://www.govinfo.gov/content/pkg/CREC-2023-12-06/html/CREC-2023-12-06-pt1-PgH6197-3.htm,CREC-2023-12-06-pt1-PgH6197-3,CREC-2023-12-06
2023-12-06,118,Kelly Armstrong,Oversight And Accountability,"Cong. Rec. Vol. 169, No. 201, p. H6197-H6198",https://www.govinfo.gov/content/pkg/CREC-2023-12-06/html/CREC-2023-12-06-pt1-PgH6197-4.htm,CREC-2023-12-06-pt1-PgH6197-4,CREC-2023-12-06
2023-12-06,118,Lance Gooden,Transportation And Infrastructure,"Cong. Rec. Vol. 169, No. 201, p. H6197",https://www.govinfo.gov/content/pkg/CREC-2023-12-06/html/CREC-2023-12-06-pt1-PgH6197.htm,CREC-2023-12-06-pt1-PgH6197,CREC-2023-12-06
2023-12-11,118,Ted W. Lieu,"Science, Space, And Technology","Cong. Rec. Vol. 169, No. 203, p. H6804",https://www.govinfo.gov/content/pkg/CREC-2023-12-11/html/CREC-2023-12-11-pt1-PgH6804-4.htm,CREC-2023-12-11-pt1-PgH6804-4,CREC-2023-12-11
2024-01-09,118,Stephanie Bice,Budget,"Cong. Rec. Vol. 170, No. 4, p. H6",https://www.govinfo.gov/content/pkg/CREC-2024-01-09/html/CREC-2024-01-09-pt1-PgH6-9.htm,CREC-2024-01-09-pt1-PgH6-9,CREC-2024-01-09
2024-02-14,118,Jimmy Gomez,Oversight And Accountability,"Cong. Rec. Vol. 170, No. 29, p. H626",https://www.govinfo.gov/content/pkg/CREC-2024-02-14/html/CREC-2024-02-14-pt1-PgH626.htm,CREC-2024-02-14-pt1-PgH626,CREC-2024-02-14
2024-02-29,118,Dina Titus,Homeland Security,"Cong. Rec. Vol. 170, No. 37, p. H766",https://www.govinfo.gov/content/pkg/CREC-2024-02-29/html/CREC-2024-02-29-pt1-PgH766-4.htm,CREC-2024-02-29-pt1-PgH766-4,CREC-2024-02-29
2024-04-11,118,Kay Granger,Appropriations,"Cong. Rec. Vol. 170, No. 62, p. H2293",https://www.govinfo.gov/content/pkg/CREC-2024-04-11/html/CREC-2024-04-11-pt1-PgH2293-5.htm,CREC-2024-04-11-pt1-PgH2293-5,CREC-2024-04-11
2024-04-11,118,Tom Cole,Rules,"Cong. Rec. Vol. 170, No. 62, p. H2293",https://www.govinfo.gov/content/pkg/CREC-2024-04-11/html/CREC-2024-04-11-pt1-PgH2293-6.htm,CREC-2024-04-11-pt1-PgH2293-6,CREC-2024-04-11
2024-04-11,118,John E. James,Transportation And Infrastructure,"Cong. Rec. Vol. 170, No. 62, p. H2293",https://www.govinfo.gov/content/pkg/CREC-2024-04-11/html/CREC-2024-04-11-pt1-PgH2293-7.htm,CREC-2024-04-11-pt1-PgH2293-7,CREC-2024-04-11
2024-04-11,118,John E. James,Education And The Workforce,"Cong. Rec. Vol. 170, No. 62, p. H2293-H2294",https://www.govinfo.gov/content/pkg/CREC-2024-04-11/html/CREC-2024-04-11-pt1-PgH2293-8.htm,CREC-2024-04-11-pt1-PgH2293-8,CREC-2024-04-11
2024-06-04,118,Kweisi Mfume,Small Business,"Cong. Rec. Vol. 170, No. 95, p. H3638-H3639",https://www.govinfo.gov/content/pkg/CREC-2024-06-04/html/CREC-2024-06-04-pt1-PgH3638-2.htm,CREC-2024-06-04-pt1-PgH3638-2,CREC-2024-06-04
2024-06-04,118,Chris Deluzio,Veterans' Affairs,"Cong. Rec. Vol. 170, No. 95, p. H3638",https://www.govinfo.gov/content/pkg/CREC-2024-06-04/html/CREC-2024-06-04-pt1-PgH3638.htm,CREC-2024-06-04-pt1-PgH3638,CREC-2024-06-04
2024-06-04,118,Ryan Zinke,"Science, Space And Technology","Cong. Rec. Vol. 170, No. 95, p. H3639",https://www.govinfo.gov/content/pkg/CREC-2024-06-04/html/CREC-2024-06-04-pt1-PgH3639.htm,CREC-2024-06-04-pt1-PgH3639,CREC-2024-06-04
2024-09-18,118,Steven Horsford,Financial Services,"Cong. Rec. Vol. 170, No. 145, p. H5354",https://www.govinfo.gov/content/pkg/CREC-2024-09-18/html/CREC-2024-09-18-pt1-PgH5354.htm,CREC-2024-09-18-pt1-PgH5354,CREC-2024-09-18
2024-11-13,118,Adam B. Schiff,Judiciary,"Cong. Rec. Vol. 170, No. 167, p. H5968",https://www.govinfo.gov/content/pkg/CREC-2024-11-13/html/CREC-2024-11-13-pt1-PgH5968-3.htm,CREC-2024-11-13-pt1-PgH5968-3,CREC-2024-11-13
2025-01-21,119,Ann Wagner,Foreign Affairs,"Cong. Rec. Vol. 171, No. 12, p. H251",https://www.govinfo.gov/content/pkg/CREC-2025-01-21/html/CREC-2025-01-21-pt1-PgH251.htm,CREC-2025-01-21-pt1-PgH251,CREC-2025-01-21
2025-03-31,119,Erin Houchin,Education And Workforce,"Cong. Rec. Vol. 171, No. 57, p. H1356",https://www.govinfo.gov/content/pkg/CREC-2025-03-31/html/CREC-2025-03-31-pt1-PgH1356.htm,CREC-2025-03-31-pt1-PgH1356,CREC-2025-03-31
2025-06-25,119,Steven Cohen,Transportation And Infrastructure,"Cong. Rec. Vol. 171, No. 109, p. H2962",https://www.govinfo.gov/content/pkg/CREC-2025-06-25/html/CREC-2025-06-25-pt1-PgH2962-3.htm,CREC-2025-06-25-pt1-PgH2962-3,CREC-2025-06-25
2025-07-02,119,Robert Garcia,Homeland Security,"Cong. Rec. Vol. 171, No. 114, p. H3039",https://www.govinfo.gov/content/pkg/CREC-2025-07-02/html/CREC-2025-07-02-pt1-PgH3039-6.htm,CREC-2025-07-02-pt1-PgH3039-6,CREC-2025-07-02
2025-09-02,119,Clay Higgins,Homeland Security,"Cong. Rec. Vol. 171, No. 143, p. H3725",https://www.govinfo.gov/content/pkg/CREC-2025-09-02/html/CREC-2025-09-02-pt1-PgH3725-8.htm,CREC-2025-09-02-pt1-PgH3725-8,CREC-2025-09-02
2025-09-19,119,Maxwell Alejandro Frost,"Science, Space, And Technology","Cong. Rec. Vol. 171, No. 154, p. H4461",https://www.govinfo.gov/content/pkg/CREC-2025-09-19/html/CREC-2025-09-19-pt1-PgH4461-5.htm,CREC-2025-09-19-pt1-PgH4461-5,CREC-2025-09-19
2025-11-12,119,Mikie Sherrill,Armed Services And Select Committee On Competition Between The United States And The Chinese Communist Party,"Cong. Rec. Vol. 171, No. 191, p. H4664",https://www.govinfo.gov/content/pkg/CREC-2025-11-12/html/CREC-2025-11-12-pt1-PgH4664.htm,CREC-2025-11-12-pt1-PgH4664,CREC-2025-11-12
2025-11-17,119,Yassamin Ansari,Education And Workforce,"Cong. Rec. Vol. 171, No. 193, p. H4675-H4676",https://www.govinfo.gov/content/pkg/CREC-2025-11-17/html/CREC-2025-11-17-pt1-PgH4675-7.htm,CREC-2025-11-17-pt1-PgH4675-7,CREC-2025-11-17
2025-11-18,119,Nydia M. Velazquez,Natural Resources,"Cong. Rec. Vol. 171, No. 194, p. H4718",https://www.govinfo.gov/content/pkg/CREC-2025-11-18/html/CREC-2025-11-18-pt1-PgH4718-3.htm,CREC-2025-11-18-pt1-PgH4718-3,CREC-2025-11-18
2026-01-06,119,John H. Rutherford,Ethics,"Cong. Rec. Vol. 172, No. 3, p. H4-H5",https://www.govinfo.gov/content/pkg/CREC-2026-01-06/html/CREC-2026-01-06-pt1-PgH4-9.htm,CREC-2026-01-06-pt1-PgH4-9,CREC-2026-01-06
2026-02-02,119,"Herb Conaway, Jr.",Small Business,"Cong. Rec. Vol. 172, No. 23, p. H1935",https://www.govinfo.gov/content/pkg/CREC-2026-02-02/html/CREC-2026-02-02-pt1-PgH1935.htm,CREC-2026-02-02-pt1-PgH1935,CREC-2026-02-02
2026-02-09,119,Donald S. Beyer Jr,"Science, Space, And Technology","Cong. Rec. Vol. 172, No. 27, p. H2082",https://www.govinfo.gov/content/pkg/CREC-2026-02-09/html/CREC-2026-02-09-pt1-PgH2082.htm,CREC-2026-02-09-pt1-PgH2082,CREC-2026-02-09
2026-03-25,119,Troy Downing,Small Business,"Cong. Rec. Vol. 172, No. 56, p. H2687",https://www.govinfo.gov/content/pkg/CREC-2026-03-25/html/CREC-2026-03-25-pt1-PgH2687-5.htm,CREC-2026-03-25-pt1-PgH2687-5,CREC-2026-03-25
2026-03-25,119,Max L. Miller,"Science, Space, And Technology","Cong. Rec. Vol. 172, No. 56, p. H2687",https://www.govinfo.gov/content/pkg/CREC-2026-03-25/html/CREC-2026-03-25-pt1-PgH2687-6.htm,CREC-2026-03-25-pt1-PgH2687-6,CREC-2026-03-25
2026-03-25,119,Nick LaLota,Small Business,"Cong. Rec. Vol. 172, No. 56, p. H2687",https://www.govinfo.gov/content/pkg/CREC-2026-03-25/html/CREC-2026-03-25-pt1-PgH2687-7.htm,CREC-2026-03-25-pt1-PgH2687-7,CREC-2026-03-25
2026-03-25,119,"Rich McCormick, MD, MBA",Foreign Affairs,"Cong. Rec. Vol. 172, No. 56, p. H2687-H2688",https://www.govinfo.gov/content/pkg/CREC-2026-03-25/html/CREC-2026-03-25-pt1-PgH2687-8.htm,CREC-2026-03-25-pt1-PgH2687-8,CREC-2026-03-25
2026-04-15,119,Rudy Yakym III,Transportation And Infrastructure,"Cong. Rec. Vol. 172, No. 66, p. H2891",https://www.govinfo.gov/content/pkg/CREC-2026-04-15/html/CREC-2026-04-15-pt1-PgH2891-5.htm,CREC-2026-04-15-pt1-PgH2891-5,CREC-2026-04-15
2026-04-21,119,Jefferson Shreve,Foreign Affairs,"Cong. Rec. Vol. 172, No. 70, p. H3005",https://www.govinfo.gov/content/pkg/CREC-2026-04-21/html/CREC-2026-04-21-pt1-PgH3005-6.htm,CREC-2026-04-21-pt1-PgH3005-6,CREC-2026-04-21
